Sets_Ops/sec,Sets_Hits/sec,Sets_Misses/sec,Sets_Avg_Latency,Sets_p50_Latency,Sets_p99_Latency,Sets_p100_Latency,Sets_KB/sec,Gets_Ops/sec,Gets_Hits/sec,Gets_Misses/sec,Gets_Avg_Latency,Gets_p50_Latency,Gets_p99_Latency,Gets_p100_Latency,Gets_KB/sec,Waits_Ops/sec,Waits_Hits/sec,Waits_Misses/sec,Waits_Avg_Latency,Waits_p50_Latency,Waits_p99_Latency,Waits_p100_Latency,Waits_KB/sec,Totals_Ops/sec,Totals_Hits/sec,Totals_Misses/sec,Totals_Avg_Latency,Totals_p50_Latency,Totals_p99_Latency,Totals_p100_Latency,Totals_KB/sec,,,,,,,
51111.81,,,0.038,3993.11,0,0,0,0,0,0,,,0,,51111.81,0,0,0.038,3993.11,,,,,,,,,,,,,,,,,,,
45144.89,,,0.042,3526.94,0,0,0,0,0,0,,,0,,45144.89,0,0,0.042,3526.94,,,,,,,,,,,,,,,,,,,
17.56,,,113.914,1.37,0,0,0,0,0,0,,,0,,17.56,0,0,113.914,1.37,,,,,,,,,,,,,,,,,,,
41590.07,,,0.046,3249.22,0,0,0,0,0,0,,,0,,41590.07,0,0,0.046,3249.22,,,,,,,,,,,,,,,,,,,
18.59,,,107.57,1.45,0,0,0,0,0,0,,,0,,18.59,0,0,107.57,1.45,,,,,,,,,,,,,,,,,,,
33782.19,,,0.055,2639.23,0,0,0,0,0,0,,,0,,33782.19,0,0,0.055,2639.23,,,,,,,,,,,,,,,,,,,
36.87,,,54.247,2.88,0,0,0,0,0,0,,,0,,36.87,0,0,54.247,2.88,,,,,,,,,,,,,,,,,,,
41257.53,,,0.047,3223.24,0,0,0,0,0,0,,,0,,41257.53,0,0,0.047,3223.24,,,,,,,,,,,,,,,,,,,
32934.44,,,0.057,2573,0,0,0,0,0,0,,,0,,32934.44,0,0,0.057,2573,,,,,,,,,,,,,,,,,,,
34924.13,,,0.055,2728.45,0,0,0,0,0,0,,,0,,34924.13,0,0,0.055,2728.45,,,,,,,,,,,,,,,,,,,
22.69,,,88.156,1.77,0,0,0,0,0,0,,,0,,22.69,0,0,88.156,1.77,,,,,,,,,,,,,,,,,,,
43590.08,,,0.044,3405.47,0,0,0,0,0,0,,,0,,43590.08,0,0,0.044,3405.47,,,,,,,,,,,,,,,,,,,
34610.82,,,0.057,2703.97,0,0,0,0,0,0,,,0,,34610.82,0,0,0.057,2703.97,,,,,,,,,,,,,,,,,,,
22.45,,,89.066,1.75,0,0,0,0,0,0,,,0,,22.45,0,0,89.066,1.75,,,,,,,,,,,,,,,,,,,
35613.8,,,0.056,2782.33,0,0,0,0,0,0,,,0,,35613.8,0,0,0.056,2782.33,,,,,,,,,,,,,,,,,,,
37566.59,,,0.051,2934.89,0,0,0,0,0,0,,,0,,37566.59,0,0,0.051,2934.89,,,,,,,,,,,,,,,,,,,
35652.02,,,0.054,2785.31,0,0,0,0,0,0,,,0,,35652.02,0,0,0.054,2785.31,,,,,,,,,,,,,,,,,,,
32370.95,,,0.06,2528.98,0,0,0,0,0,0,,,0,,32370.95,0,0,0.06,2528.98,,,,,,,,,,,,,,,,,,,
37170.51,,,0.052,2903.95,0,0,0,0,0,0,,,0,,37170.51,0,0,0.052,2903.95,,,,,,,,,,,,,,,,,,,
28.18,,,70.734,2.2,0,0,0,0,0,0,,,0,,28.18,0,0,70.734,2.2,,,,,,,,,,,,,,,,,,,
26155.31,,,0.07,2043.38,0,0,0,0,0,0,,,0,,26155.31,0,0,0.07,2043.38,,,,,,,,,,,,,,,,,,,
29626.69,,,0.068,2314.59,0,0,0,0,0,0,,,0,,29626.69,0,0,0.068,2314.59,,,,,,,,,,,,,,,,,,,
36690.72,,,0.053,2866.46,0,0,0,0,0,0,,,0,,36690.72,0,0,0.053,2866.46,,,,,,,,,,,,,,,,,,,
40130.34,,,0.048,3135.18,0,0,0,0,0,0,,,0,,40130.34,0,0,0.048,3135.18,,,,,,,,,,,,,,,,,,,
29802.75,,,0.064,2328.34,0,0,0,0,0,0,,,0,,29802.75,0,0,0.064,2328.34,,,,,,,,,,,,,,,,,,,
38.45,,,52.016,3,0,0,0,0,0,0,,,0,,38.45,0,0,52.016,3,,,,,,,,,,,,,,,,,,,
36934.3,,,0.052,2885.49,0,0,0,0,0,0,,,0,,36934.3,0,0,0.052,2885.49,,,,,,,,,,,,,,,,,,,
32295.46,,,0.056,2523.08,0,0,0,0,0,0,,,0,,32295.46,0,0,0.056,2523.08,,,,,,,,,,,,,,,,,,,
41550.76,,,0.047,3246.15,0,0,0,0,0,0,,,0,,41550.76,0,0,0.047,3246.15,,,,,,,,,,,,,,,,,,,
28.47,,,70.18,2.22,0,0,0,0,0,0,,,0,,28.47,0,0,70.18,2.22,,,,,,,,,,,,,,,,,,,
56.05,,,35.757,4.38,0,0,0,0,0,0,,,0,,56.05,0,0,35.757,4.38,,,,,,,,,,,,,,,,,,,
39622.79,,,0.049,3095.53,0,0,0,0,0,0,,,0,,39622.79,0,0,0.049,3095.53,,,,,,,,,,,,,,,,,,,
30.69,,,65.119,2.4,0,0,0,0,0,0,,,0,,30.69,0,0,65.119,2.4,,,,,,,,,,,,,,,,,,,
38252.47,,,0.051,2988.47,0,0,0,0,0,0,,,0,,38252.47,0,0,0.051,2988.47,,,,,,,,,,,,,,,,,,,
44269.82,,,0.044,3458.58,0,0,0,0,0,0,,,0,,44269.82,0,0,0.044,3458.58,,,,,,,,,,,,,,,,,,,
37,,,54.053,2.89,0,0,0,0,0,0,,,0,,37,0,0,54.053,2.89,,,,,,,,,,,,,,,,,,,
19.32,,,103.537,1.51,0,0,0,0,0,0,,,0,,19.32,0,0,103.537,1.51,,,,,,,,,,,,,,,,,,,
40796.76,,,0.047,3187.25,0,0,0,0,0,0,,,0,,40796.76,0,0,0.047,3187.25,,,,,,,,,,,,,,,,,,,
36070.22,,,0.054,2817.99,0,0,0,0,0,0,,,0,,36070.22,0,0,0.054,2817.99,,,,,,,,,,,,,,,,,,,
43667.07,,,0.044,3411.49,0,0,0,0,0,0,,,0,,43667.07,0,0,0.044,3411.49,,,,,,,,,,,,,,,,,,,
39843.97,,,0.048,3112.81,0,0,0,0,0,0,,,0,,39843.97,0,0,0.048,3112.81,,,,,,,,,,,,,,,,,,,
18.47,,,108.258,1.44,0,0,0,0,0,0,,,0,,18.47,0,0,108.258,1.44,,,,,,,,,,,,,,,,,,,
31534.1,,,0.06,2463.6,0,0,0,0,0,0,,,0,,31534.1,0,0,0.06,2463.6,,,,,,,,,,,,,,,,,,,
17.92,,,111.576,1.4,0,0,0,0,0,0,,,0,,17.92,0,0,111.576,1.4,,,,,,,,,,,,,,,,,,,
16.88,,,118.145,1.32,0,0,0,0,0,0,,,0,,16.88,0,0,118.145,1.32,,,,,,,,,,,,,,,,,,,
25.66,,,77.959,2,0,0,0,0,0,0,,,0,,25.66,0,0,77.959,2,,,,,,,,,,,,,,,,,,,
36709.84,,,0.052,2867.96,0,0,0,0,0,0,,,0,,36709.84,0,0,0.052,2867.96,,,,,,,,,,,,,,,,,,,
39949.66,,,0.048,3121.07,0,0,0,0,0,0,,,0,,39949.66,0,0,0.048,3121.07,,,,,,,,,,,,,,,,,,,
36973.57,,,0.052,2888.56,0,0,0,0,0,0,,,0,,36973.57,0,0,0.052,2888.56,,,,,,,,,,,,,,,,,,,
36252.44,,,0.053,2832.22,0,0,0,0,0,0,,,0,,36252.44,0,0,0.053,2832.22,,,,,,,,,,,,,,,,,,,
40651.48,,,0.047,3175.9,0,0,0,0,0,0,,,0,,40651.48,0,0,0.047,3175.9,,,,,,,,,,,,,,,,,,,
46240.85,,,0.042,3612.57,0,0,0,0,0,0,,,0,,46240.85,0,0,0.042,3612.57,,,,,,,,,,,,,,,,,,,
46202.82,,,0.042,3609.6,0,0,0,0,0,0,,,0,,46202.82,0,0,0.042,3609.6,,,,,,,,,,,,,,,,,,,
45171.4,,,0.043,3529.02,0,0,0,0,0,0,,,0,,45171.4,0,0,0.043,3529.02,,,,,,,,,,,,,,,,,,,
30.01,,,66.673,2.34,0,0,0,0,0,0,,,0,,30.01,0,0,66.673,2.34,,,,,,,,,,,,,,,,,,,
18.02,,,110.985,1.41,0,0,0,0,0,0,,,0,,18.02,0,0,110.985,1.41,,,,,,,,,,,,,,,,,,,
17.78,,,112.468,1.39,0,0,0,0,0,0,,,0,,17.78,0,0,112.468,1.39,,,,,,,,,,,,,,,,,,,
45490.32,,,0.042,3553.93,0,0,0,0,0,0,,,0,,45490.32,0,0,0.042,3553.93,,,,,,,,,,,,,,,,,,,
33.24,,,60.448,2.6,0,0,0,0,0,0,,,0,,33.24,0,0,60.448,2.6,,,,,,,,,,,,,,,,,,,
28.88,,,69.378,2.26,0,0,0,0,0,0,,,0,,28.88,0,0,69.378,2.26,,,,,,,,,,,,,,,,,,,
44298.65,,,0.044,3460.83,0,0,0,0,0,0,,,0,,44298.65,0,0,0.044,3460.83,,,,,,,,,,,,,,,,,,,
46333.51,,,0.042,3619.81,0,0,0,0,0,0,,,0,,46333.51,0,0,0.042,3619.81,,,,,,,,,,,,,,,,,,,
41373.52,,,0.046,3232.31,0,0,0,0,0,0,,,0,,41373.52,0,0,0.046,3232.31,,,,,,,,,,,,,,,,,,,
44041.9,,,0.044,3440.77,0,0,0,0,0,0,,,0,,44041.9,0,0,0.044,3440.77,,,,,,,,,,,,,,,,,,,
50674.73,,,0.038,3958.96,0,0,0,0,0,0,,,0,,50674.73,0,0,0.038,3958.96,,,,,,,,,,,,,,,,,,,
46302.94,,,0.042,3617.42,0,0,0,0,0,0,,,0,,46302.94,0,0,0.042,3617.42,,,,,,,,,,,,,,,,,,,
47149.91,,,0.041,3683.59,0,0,0,0,0,0,,,0,,47149.91,0,0,0.041,3683.59,,,,,,,,,,,,,,,,,,,
25.43,,,78.642,1.99,0,0,0,0,0,0,,,0,,25.43,0,0,78.642,1.99,,,,,,,,,,,,,,,,,,,
45229.63,,,0.042,3533.56,0,0,0,0,0,0,,,0,,45229.63,0,0,0.042,3533.56,,,,,,,,,,,,,,,,,,,
56.03,,,35.691,4.38,0,0,0,0,0,0,,,0,,56.03,0,0,35.691,4.38,,,,,,,,,,,,,,,,,,,
32.69,,,61.199,2.55,0,0,0,0,0,0,,,0,,32.69,0,0,61.199,2.55,,,,,,,,,,,,,,,,,,,
46245.23,,,0.042,3612.91,0,0,0,0,0,0,,,0,,46245.23,0,0,0.042,3612.91,,,,,,,,,,,,,,,,,,,
45895.56,,,0.042,3585.59,0,0,0,0,0,0,,,0,,45895.56,0,0,0.042,3585.59,,,,,,,,,,,,,,,,,,,
46875.07,,,0.041,3662.12,0,0,0,0,0,0,,,0,,46875.07,0,0,0.041,3662.12,,,,,,,,,,,,,,,,,,,
46120.36,,,0.042,3603.15,0,0,0,0,0,0,,,0,,46120.36,0,0,0.042,3603.15,,,,,,,,,,,,,,,,,,,
46056.63,,,0.042,3598.17,0,0,0,0,0,0,,,0,,46056.63,0,0,0.042,3598.17,,,,,,,,,,,,,,,,,,,
47.96,,,41.698,3.75,0,0,0,0,0,0,,,0,,47.96,0,0,41.698,3.75,,,,,,,,,,,,,,,,,,,
49476.78,,,0.039,3865.37,0,0,0,0,0,0,,,0,,49476.78,0,0,0.039,3865.37,,,,,,,,,,,,,,,,,,,
46273.8,,,0.041,3615.14,0,0,0,0,0,0,,,0,,46273.8,0,0,0.041,3615.14,,,,,,,,,,,,,,,,,,,
26.3,,,75.386,2.05,0,0,0,0,0,0,,,0,,26.3,0,0,75.386,2.05,,,,,,,,,,,,,,,,,,,
48484.38,,,0.039,3787.84,0,0,0,0,0,0,,,0,,48484.38,0,0,0.039,3787.84,,,,,,,,,,,,,,,,,,,
46892.44,,,0.041,3663.47,0,0,0,0,0,0,,,0,,46892.44,0,0,0.041,3663.47,,,,,,,,,,,,,,,,,,,
45730.28,,,0.042,3572.68,0,0,0,0,0,0,,,0,,45730.28,0,0,0.042,3572.68,,,,,,,,,,,,,,,,,,,
23.99,,,83.329,1.87,0,0,0,0,0,0,,,0,,23.99,0,0,83.329,1.87,,,,,,,,,,,,,,,,,,,
39644.94,,,0.048,3097.26,0,0,0,0,0,0,,,0,,39644.94,0,0,0.048,3097.26,,,,,,,,,,,,,,,,,,,
39045.57,,,0.049,3050.44,0,0,0,0,0,0,,,0,,39045.57,0,0,0.049,3050.44,,,,,,,,,,,,,,,,,,,
41273.79,,,0.047,3224.51,0,0,0,0,0,0,,,0,,41273.79,0,0,0.047,3224.51,,,,,,,,,,,,,,,,,,,
45788.38,,,0.042,3577.22,0,0,0,0,0,0,,,0,,45788.38,0,0,0.042,3577.22,,,,,,,,,,,,,,,,,,,
47956.46,,,0.04,3746.6,0,0,0,0,0,0,,,0,,47956.46,0,0,0.04,3746.6,,,,,,,,,,,,,,,,,,,
16.97,,,117.87,1.33,0,0,0,0,0,0,,,0,,16.97,0,0,117.87,1.33,,,,,,,,,,,,,,,,,,,
17.07,,,117.154,1.33,0,0,0,0,0,0,,,0,,17.07,0,0,117.154,1.33,,,,,,,,,,,,,,,,,,,
48847.21,,,0.039,3816.19,0,0,0,0,0,0,,,0,,48847.21,0,0,0.039,3816.19,,,,,,,,,,,,,,,,,,,
45794.26,,,0.042,3577.68,0,0,0,0,0,0,,,0,,45794.26,0,0,0.042,3577.68,,,,,,,,,,,,,,,,,,,
42267.21,,,0.045,3302.13,0,0,0,0,0,0,,,0,,42267.21,0,0,0.045,3302.13,,,,,,,,,,,,,,,,,,,
46447.14,,,0.041,3628.68,0,0,0,0,0,0,,,0,,46447.14,0,0,0.041,3628.68,,,,,,,,,,,,,,,,,,,
33879.3,,,0.057,2646.82,0,0,0,0,0,0,,,0,,33879.3,0,0,0.057,2646.82,,,,,,,,,,,,,,,,,,,
48135.01,,,0.04,3760.55,0,0,0,0,0,0,,,0,,48135.01,0,0,0.04,3760.55,,,,,,,,,,,,,,,,,,,
37534.23,,,0.052,2932.36,0,0,0,0,0,0,,,0,,37534.23,0,0,0.052,2932.36,,,,,,,,,,,,,,,,,,,
45120.55,,,0.043,3525.04,0,0,0,0,0,0,,,0,,45120.55,0,0,0.043,3525.04,,,,,,,,,,,,,,,,,,,
46341.14,,,0.042,3620.4,0,0,0,0,0,0,,,0,,46341.14,0,0,0.042,3620.4,,,,,,,,,,,,,,,,,,,
17.14,,,116.709,1.34,0,0,0,0,0,0,,,0,,17.14,0,0,116.709,1.34,,,,,,,,,,,,,,,,,,,
44786.01,,,0.043,3498.91,0,0,0,0,0,0,,,0,,44786.01,0,0,0.043,3498.91,,,,,,,,,,,,,,,,,,,
23.86,,,83.904,1.86,0,0,0,0,0,0,,,0,,23.86,0,0,83.904,1.86,,,,,,,,,,,,,,,,,,,
16.15,,,123.813,1.26,0,0,0,0,0,0,,,0,,16.15,0,0,123.813,1.26,,,,,,,,,,,,,,,,,,,
45760.31,,,0.042,3575.02,0,0,0,0,0,0,,,0,,45760.31,0,0,0.042,3575.02,,,,,,,,,,,,,,,,,,,
28.65,,,69.981,2.24,0,0,0,0,0,0,,,0,,28.65,0,0,69.981,2.24,,,,,,,,,,,,,,,,,,,
48935.29,,,0.039,3823.07,0,0,0,0,0,0,,,0,,48935.29,0,0,0.039,3823.07,,,,,,,,,,,,,,,,,,,
45344.38,,,0.043,3542.53,0,0,0,0,0,0,,,0,,45344.38,0,0,0.043,3542.53,,,,,,,,,,,,,,,,,,,
47144.35,,,0.041,3683.15,0,0,0,0,0,0,,,0,,47144.35,0,0,0.041,3683.15,,,,,,,,,,,,,,,,,,,
44545.61,,,0.043,3480.13,0,0,0,0,0,0,,,0,,44545.61,0,0,0.043,3480.13,,,,,,,,,,,,,,,,,,,
42432.3,,,0.046,3315.02,0,0,0,0,0,0,,,0,,42432.3,0,0,0.046,3315.02,,,,,,,,,,,,,,,,,,,
16.86,,,118.647,1.32,0,0,0,0,0,0,,,0,,16.86,0,0,118.647,1.32,,,,,,,,,,,,,,,,,,,
40612.68,,,0.048,3172.87,0,0,0,0,0,0,,,0,,40612.68,0,0,0.048,3172.87,,,,,,,,,,,,,,,,,,,
48414.08,,,0.04,3782.35,0,0,0,0,0,0,,,0,,48414.08,0,0,0.04,3782.35,,,,,,,,,,,,,,,,,,,
44346.19,,,0.043,3464.55,0,0,0,0,0,0,,,0,,44346.19,0,0,0.043,3464.55,,,,,,,,,,,,,,,,,,,
49521.25,,,0.039,3868.85,0,0,0,0,0,0,,,0,,49521.25,0,0,0.039,3868.85,,,,,,,,,,,,,,,,,,,
16.79,,,119.098,1.31,0,0,0,0,0,0,,,0,,16.79,0,0,119.098,1.31,,,,,,,,,,,,,,,,,,,
42603.41,,,0.045,3328.39,0,0,0,0,0,0,,,0,,42603.41,0,0,0.045,3328.39,,,,,,,,,,,,,,,,,,,
17.03,,,117.452,1.33,0,0,0,0,0,0,,,0,,17.03,0,0,117.452,1.33,,,,,,,,,,,,,,,,,,,
42343.9,,,0.045,3308.12,0,0,0,0,0,0,,,0,,42343.9,0,0,0.045,3308.12,,,,,,,,,,,,,,,,,,,
34451.28,,,0.056,2691.51,0,0,0,0,0,0,,,0,,34451.28,0,0,0.056,2691.51,,,,,,,,,,,,,,,,,,,
16.96,,,117.906,1.33,0,0,0,0,0,0,,,0,,16.96,0,0,117.906,1.33,,,,,,,,,,,,,,,,,,,
47180.49,,,0.041,3685.98,0,0,0,0,0,0,,,0,,47180.49,0,0,0.041,3685.98,,,,,,,,,,,,,,,,,,,
16.94,,,118.033,1.32,0,0,0,0,0,0,,,0,,16.94,0,0,118.033,1.32,,,,,,,,,,,,,,,,,,,
46317.74,,,0.042,3618.57,0,0,0,0,0,0,,,0,,46317.74,0,0,0.042,3618.57,,,,,,,,,,,,,,,,,,,
49461.49,,,0.039,3864.18,0,0,0,0,0,0,,,0,,49461.49,0,0,0.039,3864.18,,,,,,,,,,,,,,,,,,,
22.98,,,86.963,1.8,0,0,0,0,0,0,,,0,,22.98,0,0,86.963,1.8,,,,,,,,,,,,,,,,,,,
46561,,,0.041,3637.58,0,0,0,0,0,0,,,0,,46561,0,0,0.041,3637.58,,,,,,,,,,,,,,,,,,,
46011.81,,,0.042,3594.67,0,0,0,0,0,0,,,0,,46011.81,0,0,0.042,3594.67,,,,,,,,,,,,,,,,,,,
17.11,,,116.848,1.34,0,0,0,0,0,0,,,0,,17.11,0,0,116.848,1.34,,,,,,,,,,,,,,,,,,,
28.15,,,71.012,2.2,0,0,0,0,0,0,,,0,,28.15,0,0,71.012,2.2,,,,,,,,,,,,,,,,,,,
49560.03,,,0.039,3871.88,0,0,0,0,0,0,,,0,,49560.03,0,0,0.039,3871.88,,,,,,,,,,,,,,,,,,,
45613.26,,,0.042,3563.54,0,0,0,0,0,0,,,0,,45613.26,0,0,0.042,3563.54,,,,,,,,,,,,,,,,,,,
30377.18,,,0.063,2373.22,0,0,0,0,0,0,,,0,,30377.18,0,0,0.063,2373.22,,,,,,,,,,,,,,,,,,,
44215.8,,,0.043,3454.36,0,0,0,0,0,0,,,0,,44215.8,0,0,0.043,3454.36,,,,,,,,,,,,,,,,,,,
26.58,,,75.151,2.08,0,0,0,0,0,0,,,0,,26.58,0,0,75.151,2.08,,,,,,,,,,,,,,,,,,,
46373.26,,,0.042,3622.91,0,0,0,0,0,0,,,0,,46373.26,0,0,0.042,3622.91,,,,,,,,,,,,,,,,,,,
17.02,,,117.498,1.33,0,0,0,0,0,0,,,0,,17.02,0,0,117.498,1.33,,,,,,,,,,,,,,,,,,,
44875.05,,,0.043,3505.86,0,0,0,0,0,0,,,0,,44875.05,0,0,0.043,3505.86,,,,,,,,,,,,,,,,,,,
47826.18,,,0.04,3736.42,0,0,0,0,0,0,,,0,,47826.18,0,0,0.04,3736.42,,,,,,,,,,,,,,,,,,,
45712.2,,,0.042,3571.27,0,0,0,0,0,0,,,0,,45712.2,0,0,0.042,3571.27,,,,,,,,,,,,,,,,,,,
49826.85,,,0.038,3892.72,0,0,0,0,0,0,,,0,,49826.85,0,0,0.038,3892.72,,,,,,,,,,,,,,,,,,,
46081.04,,,0.042,3600.08,0,0,0,0,0,0,,,0,,46081.04,0,0,0.042,3600.08,,,,,,,,,,,,,,,,,,,
43085.81,,,0.045,3366.08,0,0,0,0,0,0,,,0,,43085.81,0,0,0.045,3366.08,,,,,,,,,,,,,,,,,,,
31978.15,,,0.059,2498.29,0,0,0,0,0,0,,,0,,31978.15,0,0,0.059,2498.29,,,,,,,,,,,,,,,,,,,
33.51,,,59.676,2.62,0,0,0,0,0,0,,,0,,33.51,0,0,59.676,2.62,,,,,,,,,,,,,,,,,,,
47020.43,,,0.041,3673.47,0,0,0,0,0,0,,,0,,47020.43,0,0,0.041,3673.47,,,,,,,,,,,,,,,,,,,
17.04,,,117.337,1.33,0,0,0,0,0,0,,,0,,17.04,0,0,117.337,1.33,,,,,,,,,,,,,,,,,,,
46702.02,,,0.041,3648.6,0,0,0,0,0,0,,,0,,46702.02,0,0,0.041,3648.6,,,,,,,,,,,,,,,,,,,
48499.43,,,0.04,3789.02,0,0,0,0,0,0,,,0,,48499.43,0,0,0.04,3789.02,,,,,,,,,,,,,,,,,,,
48690.59,,,0.04,3803.95,0,0,0,0,0,0,,,0,,48690.59,0,0,0.04,3803.95,,,,,,,,,,,,,,,,,,,
44038.51,,,0.044,3440.51,0,0,0,0,0,0,,,0,,44038.51,0,0,0.044,3440.51,,,,,,,,,,,,,,,,,,,
43352.91,,,0.044,3386.95,0,0,0,0,0,0,,,0,,43352.91,0,0,0.044,3386.95,,,,,,,,,,,,,,,,,,,
48163.99,,,0.04,3762.81,0,0,0,0,0,0,,,0,,48163.99,0,0,0.04,3762.81,,,,,,,,,,,,,,,,,,,
44168.93,,,0.043,3450.7,0,0,0,0,0,0,,,0,,44168.93,0,0,0.043,3450.7,,,,,,,,,,,,,,,,,,,
51899.79,,,0.037,4054.67,0,0,0,0,0,0,,,0,,51899.79,0,0,0.037,4054.67,,,,,,,,,,,,,,,,,,,
16.88,,,118.509,1.32,0,0,0,0,0,0,,,0,,16.88,0,0,118.509,1.32,,,,,,,,,,,,,,,,,,,
45036.73,,,0.043,3518.49,0,0,0,0,0,0,,,0,,45036.73,0,0,0.043,3518.49,,,,,,,,,,,,,,,,,,,
43545.85,,,0.044,3402.02,0,0,0,0,0,0,,,0,,43545.85,0,0,0.044,3402.02,,,,,,,,,,,,,,,,,,,
38371,,,0.051,2997.73,0,0,0,0,0,0,,,0,,38371,0,0,0.051,2997.73,,,,,,,,,,,,,,,,,,,
17.03,,,117.454,1.33,0,0,0,0,0,0,,,0,,17.03,0,0,117.454,1.33,,,,,,,,,,,,,,,,,,,
42912.38,,,0.045,3352.53,0,0,0,0,0,0,,,0,,42912.38,0,0,0.045,3352.53,,,,,,,,,,,,,,,,,,,
46231.44,,,0.042,3611.83,0,0,0,0,0,0,,,0,,46231.44,0,0,0.042,3611.83,,,,,,,,,,,,,,,,,,,
47033.15,,,0.041,3674.46,0,0,0,0,0,0,,,0,,47033.15,0,0,0.041,3674.46,,,,,,,,,,,,,,,,,,,
49242.41,,,0.039,3847.06,0,0,0,0,0,0,,,0,,49242.41,0,0,0.039,3847.06,,,,,,,,,,,,,,,,,,,
16.92,,,118.196,1.32,0,0,0,0,0,0,,,0,,16.92,0,0,118.196,1.32,,,,,,,,,,,,,,,,,,,
16.81,,,118.975,1.31,0,0,0,0,0,0,,,0,,16.81,0,0,118.975,1.31,,,,,,,,,,,,,,,,,,,
47439.46,,,0.041,3706.21,0,0,0,0,0,0,,,0,,47439.46,0,0,0.041,3706.21,,,,,,,,,,,,,,,,,,,
44728.52,,,0.043,3494.42,0,0,0,0,0,0,,,0,,44728.52,0,0,0.043,3494.42,,,,,,,,,,,,,,,,,,,
43521.97,,,0.044,3400.15,0,0,0,0,0,0,,,0,,43521.97,0,0,0.044,3400.15,,,,,,,,,,,,,,,,,,,
46324.93,,,0.041,3619.13,0,0,0,0,0,0,,,0,,46324.93,0,0,0.041,3619.13,,,,,,,,,,,,,,,,,,,
32.61,,,61.259,2.55,0,0,0,0,0,0,,,0,,32.61,0,0,61.259,2.55,,,,,,,,,,,,,,,,,,,
17.04,,,117.4,1.33,0,0,0,0,0,0,,,0,,17.04,0,0,117.4,1.33,,,,,,,,,,,,,,,,,,,
44140.85,,,0.044,3448.5,0,0,0,0,0,0,,,0,,44140.85,0,0,0.044,3448.5,,,,,,,,,,,,,,,,,,,
16.85,,,118.68,1.32,0,0,0,0,0,0,,,0,,16.85,0,0,118.68,1.32,,,,,,,,,,,,,,,,,,,
17.09,,,117.044,1.33,0,0,0,0,0,0,,,0,,17.09,0,0,117.044,1.33,,,,,,,,,,,,,,,,,,,
47521.4,,,0.04,3712.61,0,0,0,0,0,0,,,0,,47521.4,0,0,0.04,3712.61,,,,,,,,,,,,,,,,,,,
25.1,,,79.886,1.96,0,0,0,0,0,0,,,0,,25.1,0,0,79.886,1.96,,,,,,,,,,,,,,,,,,,
46388.97,,,0.042,3624.14,0,0,0,0,0,0,,,0,,46388.97,0,0,0.042,3624.14,,,,,,,,,,,,,,,,,,,
34527.94,,,0.056,2697.5,0,0,0,0,0,0,,,0,,34527.94,0,0,0.056,2697.5,,,,,,,,,,,,,,,,,,,
23.9,,,83.745,1.87,0,0,0,0,0,0,,,0,,23.9,0,0,83.745,1.87,,,,,,,,,,,,,,,,,,,
67.44,,,29.652,5.27,0,0,0,0,0,0,,,0,,67.44,0,0,29.652,5.27,,,,,,,,,,,,,,,,,,,
33.68,,,59.462,2.63,0,0,0,0,0,0,,,0,,33.68,0,0,59.462,2.63,,,,,,,,,,,,,,,,,,,
30.29,,,65.871,2.37,0,0,0,0,0,0,,,0,,30.29,0,0,65.871,2.37,,,,,,,,,,,,,,,,,,,
40822.41,,,0.047,3189.25,0,0,0,0,0,0,,,0,,40822.41,0,0,0.047,3189.25,,,,,,,,,,,,,,,,,,,
17.17,,,116.494,1.34,0,0,0,0,0,0,,,0,,17.17,0,0,116.494,1.34,,,,,,,,,,,,,,,,,,,
44602.34,,,0.043,3484.56,0,0,0,0,0,0,,,0,,44602.34,0,0,0.043,3484.56,,,,,,,,,,,,,,,,,,,
28178.78,,,0.07,2201.47,0,0,0,0,0,0,,,0,,28178.78,0,0,0.07,2201.47,,,,,,,,,,,,,,,,,,,
38.13,,,52.445,2.98,0,0,0,0,0,0,,,0,,38.13,0,0,52.445,2.98,,,,,,,,,,,,,,,,,,,
24.07,,,83.07,1.88,0,0,0,0,0,0,,,0,,24.07,0,0,83.07,1.88,,,,,,,,,,,,,,,,,,,
45928.02,,,0.042,3588.13,0,0,0,0,0,0,,,0,,45928.02,0,0,0.042,3588.13,,,,,,,,,,,,,,,,,,,
16.73,,,119.568,1.31,0,0,0,0,0,0,,,0,,16.73,0,0,119.568,1.31,,,,,,,,,,,,,,,,,,,
46266.09,,,0.042,3614.54,0,0,0,0,0,0,,,0,,46266.09,0,0,0.042,3614.54,,,,,,,,,,,,,,,,,,,
46456.64,,,0.041,3629.42,0,0,0,0,0,0,,,0,,46456.64,0,0,0.041,3629.42,,,,,,,,,,,,,,,,,,,
16.93,,,118.093,1.32,0,0,0,0,0,0,,,0,,16.93,0,0,118.093,1.32,,,,,,,,,,,,,,,,,,,
16.96,,,117.912,1.33,0,0,0,0,0,0,,,0,,16.96,0,0,117.912,1.33,,,,,,,,,,,,,,,,,,,
45724.01,,,0.042,3572.19,0,0,0,0,0,0,,,0,,45724.01,0,0,0.042,3572.19,,,,,,,,,,,,,,,,,,,
44029.49,,,0.044,3439.8,0,0,0,0,0,0,,,0,,44029.49,0,0,0.044,3439.8,,,,,,,,,,,,,,,,,,,
49648.37,,,0.039,3878.78,0,0,0,0,0,0,,,0,,49648.37,0,0,0.039,3878.78,,,,,,,,,,,,,,,,,,,
44314.55,,,0.044,3462.07,0,0,0,0,0,0,,,0,,44314.55,0,0,0.044,3462.07,,,,,,,,,,,,,,,,,,,
17.16,,,116.562,1.34,0,0,0,0,0,0,,,0,,17.16,0,0,116.562,1.34,,,,,,,,,,,,,,,,,,,
45827.2,,,0.042,3580.25,0,0,0,0,0,0,,,0,,45827.2,0,0,0.042,3580.25,,,,,,,,,,,,,,,,,,,
16.3,,,122.68,1.27,0,0,0,0,0,0,,,0,,16.3,0,0,122.68,1.27,,,,,,,,,,,,,,,,,,,
18.2,,,109.877,1.42,0,0,0,0,0,0,,,0,,18.2,0,0,109.877,1.42,,,,,,,,,,,,,,,,,,,
17.5,,,114.268,1.37,0,0,0,0,0,0,,,0,,17.5,0,0,114.268,1.37,,,,,,,,,,,,,,,,,,,
17.04,,,117.379,1.33,0,0,0,0,0,0,,,0,,17.04,0,0,117.379,1.33,,,,,,,,,,,,,,,,,,,
47626.3,,,0.04,3720.81,0,0,0,0,0,0,,,0,,47626.3,0,0,0.04,3720.81,,,,,,,,,,,,,,,,,,,
49079.88,,,0.039,3834.37,0,0,0,0,0,0,,,0,,49079.88,0,0,0.039,3834.37,,,,,,,,,,,,,,,,,,,
47258.53,,,0.041,3692.07,0,0,0,0,0,0,,,0,,47258.53,0,0,0.041,3692.07,,,,,,,,,,,,,,,,,,,
25.87,,,77.402,2.02,0,0,0,0,0,0,,,0,,25.87,0,0,77.402,2.02,,,,,,,,,,,,,,,,,,,
17.55,,,113.972,1.37,0,0,0,0,0,0,,,0,,17.55,0,0,113.972,1.37,,,,,,,,,,,,,,,,,,,
17.51,,,114.216,1.37,0,0,0,0,0,0,,,0,,17.51,0,0,114.216,1.37,,,,,,,,,,,,,,,,,,,
67.54,,,29.611,5.28,0,0,0,0,0,0,,,0,,67.54,0,0,29.611,5.28,,,,,,,,,,,,,,,,,,,
56.07,,,35.665,4.38,0,0,0,0,0,0,,,0,,56.07,0,0,35.665,4.38,,,,,,,,,,,,,,,,,,,
40187.19,,,0.048,3139.62,0,0,0,0,0,0,,,0,,40187.19,0,0,0.048,3139.62,,,,,,,,,,,,,,,,,,,
28.58,,,69.852,2.23,0,0,0,0,0,0,,,0,,28.58,0,0,69.852,2.23,,,,,,,,,,,,,,,,,,,
42928.31,,,0.045,3353.77,0,0,0,0,0,0,,,0,,42928.31,0,0,0.045,3353.77,,,,,,,,,,,,,,,,,,,
67.48,,,29.636,5.27,0,0,0,0,0,0,,,0,,67.48,0,0,29.636,5.27,,,,,,,,,,,,,,,,,,,
45082.92,,,0.043,3522.1,0,0,0,0,0,0,,,0,,45082.92,0,0,0.043,3522.1,,,,,,,,,,,,,,,,,,,
47429.44,,,0.04,3705.43,0,0,0,0,0,0,,,0,,47429.44,0,0,0.04,3705.43,,,,,,,,,,,,,,,,,,,
43239.78,,,0.044,3378.11,0,0,0,0,0,0,,,0,,43239.78,0,0,0.044,3378.11,,,,,,,,,,,,,,,,,,,
26.23,,,76.405,2.05,0,0,0,0,0,0,,,0,,26.23,0,0,76.405,2.05,,,,,,,,,,,,,,,,,,,
26.18,,,76.582,2.05,0,0,0,0,0,0,,,0,,26.18,0,0,76.582,2.05,,,,,,,,,,,,,,,,,,,
23.83,,,84.192,1.86,0,0,0,0,0,0,,,0,,23.83,0,0,84.192,1.86,,,,,,,,,,,,,,,,,,,
17.2,,,116.276,1.34,0,0,0,0,0,0,,,0,,17.2,0,0,116.276,1.34,,,,,,,,,,,,,,,,,,,
45324.65,,,0.042,3540.99,0,0,0,0,0,0,,,0,,45324.65,0,0,0.042,3540.99,,,,,,,,,,,,,,,,,,,
47176.49,,,0.041,3685.66,0,0,0,0,0,0,,,0,,47176.49,0,0,0.041,3685.66,,,,,,,,,,,,,,,,,,,
17.51,,,114.232,1.37,0,0,0,0,0,0,,,0,,17.51,0,0,114.232,1.37,,,,,,,,,,,,,,,,,,,
17.82,,,112.236,1.39,0,0,0,0,0,0,,,0,,17.82,0,0,112.236,1.39,,,,,,,,,,,,,,,,,,,
19.17,,,104.316,1.5,0,0,0,0,0,0,,,0,,19.17,0,0,104.316,1.5,,,,,,,,,,,,,,,,,,,
37001.95,,,0.05,2890.78,0,0,0,0,0,0,,,0,,37001.95,0,0,0.05,2890.78,,,,,,,,,,,,,,,,,,,
18.32,,,109.174,1.43,0,0,0,0,0,0,,,0,,18.32,0,0,109.174,1.43,,,,,,,,,,,,,,,,,,,
24.93,,,80.314,1.95,0,0,0,0,0,0,,,0,,24.93,0,0,80.314,1.95,,,,,,,,,,,,,,,,,,,
46454.69,,,0.041,3629.27,0,0,0,0,0,0,,,0,,46454.69,0,0,0.041,3629.27,,,,,,,,,,,,,,,,,,,
47048.2,,,0.041,3675.64,0,0,0,0,0,0,,,0,,47048.2,0,0,0.041,3675.64,,,,,,,,,,,,,,,,,,,
17.72,,,112.881,1.38,0,0,0,0,0,0,,,0,,17.72,0,0,112.881,1.38,,,,,,,,,,,,,,,,,,,
22.28,,,89.746,1.74,0,0,0,0,0,0,,,0,,22.28,0,0,89.746,1.74,,,,,,,,,,,,,,,,,,,
44347.86,,,0.043,3464.68,0,0,0,0,0,0,,,0,,44347.86,0,0,0.043,3464.68,,,,,,,,,,,,,,,,,,,
43402.87,,,0.044,3390.85,0,0,0,0,0,0,,,0,,43402.87,0,0,0.044,3390.85,,,,,,,,,,,,,,,,,,,
45020.3,,,0.043,3517.21,0,0,0,0,0,0,,,0,,45020.3,0,0,0.043,3517.21,,,,,,,,,,,,,,,,,,,
27.63,,,72.233,2.16,0,0,0,0,0,0,,,0,,27.63,0,0,72.233,2.16,,,,,,,,,,,,,,,,,,,
46826.78,,,0.041,3658.34,0,0,0,0,0,0,,,0,,46826.78,0,0,0.041,3658.34,,,,,,,,,,,,,,,,,,,
45708.54,,,0.042,3570.98,0,0,0,0,0,0,,,0,,45708.54,0,0,0.042,3570.98,,,,,,,,,,,,,,,,,,,
49455.25,,,0.039,3863.69,0,0,0,0,0,0,,,0,,49455.25,0,0,0.039,3863.69,,,,,,,,,,,,,,,,,,,
44304.05,,,0.044,3461.25,0,0,0,0,0,0,,,0,,44304.05,0,0,0.044,3461.25,,,,,,,,,,,,,,,,,,,
47179.94,,,0.041,3685.93,0,0,0,0,0,0,,,0,,47179.94,0,0,0.041,3685.93,,,,,,,,,,,,,,,,,,,
29.08,,,68.988,2.27,0,0,0,0,0,0,,,0,,29.08,0,0,68.988,2.27,,,,,,,,,,,,,,,,,,,
16.6,,,120.508,1.3,0,0,0,0,0,0,,,0,,16.6,0,0,120.508,1.3,,,,,,,,,,,,,,,,,,,
16.73,,,119.542,1.31,0,0,0,0,0,0,,,0,,16.73,0,0,119.542,1.31,,,,,,,,,,,,,,,,,,,
16.14,,,123.867,1.26,0,0,0,0,0,0,,,0,,16.14,0,0,123.867,1.26,,,,,,,,,,,,,,,,,,,
16.62,,,120.324,1.3,0,0,0,0,0,0,,,0,,16.62,0,0,120.324,1.3,,,,,,,,,,,,,,,,,,,
16.55,,,120.873,1.29,0,0,0,0,0,0,,,0,,16.55,0,0,120.873,1.29,,,,,,,,,,,,,,,,,,,
47857.42,,,0.04,3738.86,0,0,0,0,0,0,,,0,,47857.42,0,0,0.04,3738.86,,,,,,,,,,,,,,,,,,,
45946.7,,,0.042,3589.59,0,0,0,0,0,0,,,0,,45946.7,0,0,0.042,3589.59,,,,,,,,,,,,,,,,,,,
45988.32,,,0.042,3592.84,0,0,0,0,0,0,,,0,,45988.32,0,0,0.042,3592.84,,,,,,,,,,,,,,,,,,,
16.64,,,120.177,1.3,0,0,0,0,0,0,,,0,,16.64,0,0,120.177,1.3,,,,,,,,,,,,,,,,,,,
38465.53,,,0.049,3005.12,0,0,0,0,0,0,,,0,,38465.53,0,0,0.049,3005.12,,,,,,,,,,,,,,,,,,,
37.06,,,53.963,2.9,0,0,0,0,0,0,,,0,,37.06,0,0,53.963,2.9,,,,,,,,,,,,,,,,,,,
39287.95,,,0.049,3069.37,0,0,0,0,0,0,,,0,,39287.95,0,0,0.049,3069.37,,,,,,,,,,,,,,,,,,,
24324.92,,,0.08,1900.38,0,0,0,0,0,0,,,0,,24324.92,0,0,0.08,1900.38,,,,,,,,,,,,,,,,,,,
34055.07,,,0.056,2660.55,0,0,0,0,0,0,,,0,,34055.07,0,0,0.056,2660.55,,,,,,,,,,,,,,,,,,,
34234.38,,,0.057,2674.56,0,0,0,0,0,0,,,0,,34234.38,0,0,0.057,2674.56,,,,,,,,,,,,,,,,,,,
38636.59,,,0.05,3018.48,0,0,0,0,0,0,,,0,,38636.59,0,0,0.05,3018.48,,,,,,,,,,,,,,,,,,,
37680.68,,,0.051,2943.8,0,0,0,0,0,0,,,0,,37680.68,0,0,0.051,2943.8,,,,,,,,,,,,,,,,,,,
39876.54,,,0.048,3115.35,0,0,0,0,0,0,,,0,,39876.54,0,0,0.048,3115.35,,,,,,,,,,,,,,,,,,,
36225.06,,,0.053,2830.08,0,0,0,0,0,0,,,0,,36225.06,0,0,0.053,2830.08,,,,,,,,,,,,,,,,,,,
17.03,,,117.46,1.33,0,0,0,0,0,0,,,0,,17.03,0,0,117.46,1.33,,,,,,,,,,,,,,,,,,,
22.41,,,88.681,1.75,0,0,0,0,0,0,,,0,,22.41,0,0,88.681,1.75,,,,,,,,,,,,,,,,,,,
38862.72,,,0.049,3036.15,0,0,0,0,0,0,,,0,,38862.72,0,0,0.049,3036.15,,,,,,,,,,,,,,,,,,,
29.02,,,68.803,2.27,0,0,0,0,0,0,,,0,,29.02,0,0,68.803,2.27,,,,,,,,,,,,,,,,,,,
34722.7,,,0.056,2712.71,0,0,0,0,0,0,,,0,,34722.7,0,0,0.056,2712.71,,,,,,,,,,,,,,,,,,,
36307.92,,,0.053,2836.56,0,0,0,0,0,0,,,0,,36307.92,0,0,0.053,2836.56,,,,,,,,,,,,,,,,,,,
30727.87,,,0.064,2400.61,0,0,0,0,0,0,,,0,,30727.87,0,0,0.064,2400.61,,,,,,,,,,,,,,,,,,,
39879.72,,,0.048,3115.6,0,0,0,0,0,0,,,0,,39879.72,0,0,0.048,3115.6,,,,,,,,,,,,,,,,,,,
33132.99,,,0.057,2588.51,0,0,0,0,0,0,,,0,,33132.99,0,0,0.057,2588.51,,,,,,,,,,,,,,,,,,,
16.92,,,118.208,1.32,0,0,0,0,0,0,,,0,,16.92,0,0,118.208,1.32,,,,,,,,,,,,,,,,,,,
36104.54,,,0.053,2820.67,0,0,0,0,0,0,,,0,,36104.54,0,0,0.053,2820.67,,,,,,,,,,,,,,,,,,,
22.28,,,89.754,1.74,0,0,0,0,0,0,,,0,,22.28,0,0,89.754,1.74,,,,,,,,,,,,,,,,,,,
27242.17,,,0.07,2128.29,0,0,0,0,0,0,,,0,,27242.17,0,0,0.07,2128.29,,,,,,,,,,,,,,,,,,,
17.19,,,116.344,1.34,0,0,0,0,0,0,,,0,,17.19,0,0,116.344,1.34,,,,,,,,,,,,,,,,,,,
36218.96,,,0.053,2829.61,0,0,0,0,0,0,,,0,,36218.96,0,0,0.053,2829.61,,,,,,,,,,,,,,,,,,,
53.27,,,37.542,4.16,0,0,0,0,0,0,,,0,,53.27,0,0,37.542,4.16,,,,,,,,,,,,,,,,,,,
34975.19,,,0.055,2732.44,0,0,0,0,0,0,,,0,,34975.19,0,0,0.055,2732.44,,,,,,,,,,,,,,,,,,,
22.29,,,89.729,1.74,0,0,0,0,0,0,,,0,,22.29,0,0,89.729,1.74,,,,,,,,,,,,,,,,,,,
60.51,,,32.297,4.73,0,0,0,0,0,0,,,0,,60.51,0,0,32.297,4.73,,,,,,,,,,,,,,,,,,,
32959.57,,,0.058,2574.97,0,0,0,0,0,0,,,0,,32959.57,0,0,0.058,2574.97,,,,,,,,,,,,,,,,,,,
34630.06,,,0.056,2705.47,0,0,0,0,0,0,,,0,,34630.06,0,0,0.056,2705.47,,,,,,,,,,,,,,,,,,,
36886.49,,,0.052,2881.76,0,0,0,0,0,0,,,0,,36886.49,0,0,0.052,2881.76,,,,,,,,,,,,,,,,,,,
30649.32,,,0.063,2394.48,0,0,0,0,0,0,,,0,,30649.32,0,0,0.063,2394.48,,,,,,,,,,,,,,,,,,,
16.83,,,118.854,1.31,0,0,0,0,0,0,,,0,,16.83,0,0,118.854,1.31,,,,,,,,,,,,,,,,,,,
35232.79,,,0.055,2752.56,0,0,0,0,0,0,,,0,,35232.79,0,0,0.055,2752.56,,,,,,,,,,,,,,,,,,,
39791.26,,,0.049,3108.69,0,0,0,0,0,0,,,0,,39791.26,0,0,0.049,3108.69,,,,,,,,,,,,,,,,,,,
34.91,,,57.288,2.73,0,0,0,0,0,0,,,0,,34.91,0,0,57.288,2.73,,,,,,,,,,,,,,,,,,,
67.55,,,29.604,5.28,0,0,0,0,0,0,,,0,,67.55,0,0,29.604,5.28,,,,,,,,,,,,,,,,,,,
35523.35,,,0.054,2775.26,0,0,0,0,0,0,,,0,,35523.35,0,0,0.054,2775.26,,,,,,,,,,,,,,,,,,,
35720.92,,,0.054,2790.7,0,0,0,0,0,0,,,0,,35720.92,0,0,0.054,2790.7,,,,,,,,,,,,,,,,,,,
43259.99,,,0.045,3379.69,0,0,0,0,0,0,,,0,,43259.99,0,0,0.045,3379.69,,,,,,,,,,,,,,,,,,,
28451.36,,,0.067,2222.76,0,0,0,0,0,0,,,0,,28451.36,0,0,0.067,2222.76,,,,,,,,,,,,,,,,,,,
35834.39,,,0.054,2799.56,0,0,0,0,0,0,,,0,,35834.39,0,0,0.054,2799.56,,,,,,,,,,,,,,,,,,,
26.42,,,75.705,2.06,0,0,0,0,0,0,,,0,,26.42,0,0,75.705,2.06,,,,,,,,,,,,,,,,,,,
43345.4,,,0.044,3386.36,0,0,0,0,0,0,,,0,,43345.4,0,0,0.044,3386.36,,,,,,,,,,,,,,,,,,,
44930.69,,,0.043,3510.21,0,0,0,0,0,0,,,0,,44930.69,0,0,0.043,3510.21,,,,,,,,,,,,,,,,,,,
44396.5,,,0.043,3468.48,0,0,0,0,0,0,,,0,,44396.5,0,0,0.043,3468.48,,,,,,,,,,,,,,,,,,,
43371.53,,,0.044,3388.4,0,0,0,0,0,0,,,0,,43371.53,0,0,0.044,3388.4,,,,,,,,,,,,,,,,,,,
45233.52,,,0.043,3533.87,0,0,0,0,0,0,,,0,,45233.52,0,0,0.043,3533.87,,,,,,,,,,,,,,,,,,,
42563.61,,,0.045,3325.28,0,0,0,0,0,0,,,0,,42563.61,0,0,0.045,3325.28,,,,,,,,,,,,,,,,,,,
44182.98,,,0.043,3451.8,0,0,0,0,0,0,,,0,,44182.98,0,0,0.043,3451.8,,,,,,,,,,,,,,,,,,,
27.04,,,73.711,2.11,0,0,0,0,0,0,,,0,,27.04,0,0,73.711,2.11,,,,,,,,,,,,,,,,,,,
47397.75,,,0.041,3702.95,0,0,0,0,0,0,,,0,,47397.75,0,0,0.041,3702.95,,,,,,,,,,,,,,,,,,,
44450.37,,,0.043,3472.69,0,0,0,0,0,0,,,0,,44450.37,0,0,0.043,3472.69,,,,,,,,,,,,,,,,,,,
16.81,,,118.972,1.31,0,0,0,0,0,0,,,0,,16.81,0,0,118.972,1.31,,,,,,,,,,,,,,,,,,,
51637.82,,,0.037,4034.2,0,0,0,0,0,0,,,0,,51637.82,0,0,0.037,4034.2,,,,,,,,,,,,,,,,,,,
42758.52,,,0.045,3340.51,0,0,0,0,0,0,,,0,,42758.52,0,0,0.045,3340.51,,,,,,,,,,,,,,,,,,,
16.95,,,118,1.32,0,0,0,0,0,0,,,0,,16.95,0,0,118,1.32,,,,,,,,,,,,,,,,,,,
46020.07,,,0.042,3595.32,0,0,0,0,0,0,,,0,,46020.07,0,0,0.042,3595.32,,,,,,,,,,,,,,,,,,,
46536.52,,,0.041,3635.67,0,0,0,0,0,0,,,0,,46536.52,0,0,0.041,3635.67,,,,,,,,,,,,,,,,,,,
48086.4,,,0.04,3756.75,0,0,0,0,0,0,,,0,,48086.4,0,0,0.04,3756.75,,,,,,,,,,,,,,,,,,,
45553.52,,,0.042,3558.87,0,0,0,0,0,0,,,0,,45553.52,0,0,0.042,3558.87,,,,,,,,,,,,,,,,,,,
49394.18,,,0.039,3858.92,0,0,0,0,0,0,,,0,,49394.18,0,0,0.039,3858.92,,,,,,,,,,,,,,,,,,,
47298.88,,,0.041,3695.22,0,0,0,0,0,0,,,0,,47298.88,0,0,0.041,3695.22,,,,,,,,,,,,,,,,,,,
46963.46,,,0.041,3669.02,0,0,0,0,0,0,,,0,,46963.46,0,0,0.041,3669.02,,,,,,,,,,,,,,,,,,,
45351.68,,,0.042,3543.1,0,0,0,0,0,0,,,0,,45351.68,0,0,0.042,3543.1,,,,,,,,,,,,,,,,,,,
39674.75,,,0.049,3099.59,0,0,0,0,0,0,,,0,,39674.75,0,0,0.049,3099.59,,,,,,,,,,,,,,,,,,,
46732.14,,,0.041,3650.95,0,0,0,0,0,0,,,0,,46732.14,0,0,0.041,3650.95,,,,,,,,,,,,,,,,,,,
16.61,,,120.429,1.3,0,0,0,0,0,0,,,0,,16.61,0,0,120.429,1.3,,,,,,,,,,,,,,,,,,,
43506.07,,,0.044,3398.91,0,0,0,0,0,0,,,0,,43506.07,0,0,0.044,3398.91,,,,,,,,,,,,,,,,,,,
46343.07,,,0.041,3620.55,0,0,0,0,0,0,,,0,,46343.07,0,0,0.041,3620.55,,,,,,,,,,,,,,,,,,,
46949.46,,,0.041,3667.93,0,0,0,0,0,0,,,0,,46949.46,0,0,0.041,3667.93,,,,,,,,,,,,,,,,,,,
43722.92,,,0.044,3415.85,0,0,0,0,0,0,,,0,,43722.92,0,0,0.044,3415.85,,,,,,,,,,,,,,,,,,,
43906.25,,,0.044,3430.18,0,0,0,0,0,0,,,0,,43906.25,0,0,0.044,3430.18,,,,,,,,,,,,,,,,,,,
49525.91,,,0.039,3869.21,0,0,0,0,0,0,,,0,,49525.91,0,0,0.039,3869.21,,,,,,,,,,,,,,,,,,,
40048.14,,,0.049,3128.76,0,0,0,0,0,0,,,0,,40048.14,0,0,0.049,3128.76,,,,,,,,,,,,,,,,,,,
44749.64,,,0.043,3496.07,0,0,0,0,0,0,,,0,,44749.64,0,0,0.043,3496.07,,,,,,,,,,,,,,,,,,,
46305.94,,,0.041,3617.65,0,0,0,0,0,0,,,0,,46305.94,0,0,0.041,3617.65,,,,,,,,,,,,,,,,,,,
45722.33,,,0.042,3572.06,0,0,0,0,0,0,,,0,,45722.33,0,0,0.042,3572.06,,,,,,,,,,,,,,,,,,,
47340.75,,,0.041,3698.5,0,0,0,0,0,0,,,0,,47340.75,0,0,0.041,3698.5,,,,,,,,,,,,,,,,,,,
46249.51,,,0.042,3613.24,0,0,0,0,0,0,,,0,,46249.51,0,0,0.042,3613.24,,,,,,,,,,,,,,,,,,,
42795.3,,,0.045,3343.38,0,0,0,0,0,0,,,0,,42795.3,0,0,0.045,3343.38,,,,,,,,,,,,,,,,,,,
48225.77,,,0.04,3767.64,0,0,0,0,0,0,,,0,,48225.77,0,0,0.04,3767.64,,,,,,,,,,,,,,,,,,,
46529.48,,,0.041,3635.12,0,0,0,0,0,0,,,0,,46529.48,0,0,0.041,3635.12,,,,,,,,,,,,,,,,,,,
42313.36,,,0.045,3305.73,0,0,0,0,0,0,,,0,,42313.36,0,0,0.045,3305.73,,,,,,,,,,,,,,,,,,,
39315.21,,,0.049,3071.5,0,0,0,0,0,0,,,0,,39315.21,0,0,0.049,3071.5,,,,,,,,,,,,,,,,,,,
39066.16,,,0.049,3052.04,0,0,0,0,0,0,,,0,,39066.16,0,0,0.049,3052.04,,,,,,,,,,,,,,,,,,,
45403.88,,,0.042,3547.18,0,0,0,0,0,0,,,0,,45403.88,0,0,0.042,3547.18,,,,,,,,,,,,,,,,,,,
45192.02,,,0.043,3530.63,0,0,0,0,0,0,,,0,,45192.02,0,0,0.043,3530.63,,,,,,,,,,,,,,,,,,,
47897.42,,,0.04,3741.99,0,0,0,0,0,0,,,0,,47897.42,0,0,0.04,3741.99,,,,,,,,,,,,,,,,,,,
27.63,,,72.335,2.16,0,0,0,0,0,0,,,0,,27.63,0,0,72.335,2.16,,,,,,,,,,,,,,,,,,,
27.08,,,73.975,2.12,0,0,0,0,0,0,,,0,,27.08,0,0,73.975,2.12,,,,,,,,,,,,,,,,,,,
45597.56,,,0.042,3562.31,0,0,0,0,0,0,,,0,,45597.56,0,0,0.042,3562.31,,,,,,,,,,,,,,,,,,,
42848.3,,,0.045,3347.52,0,0,0,0,0,0,,,0,,42848.3,0,0,0.045,3347.52,,,,,,,,,,,,,,,,,,,
29.54,,,67.754,2.31,0,0,0,0,0,0,,,0,,29.54,0,0,67.754,2.31,,,,,,,,,,,,,,,,,,,
44571.62,,,0.043,3482.16,0,0,0,0,0,0,,,0,,44571.62,0,0,0.043,3482.16,,,,,,,,,,,,,,,,,,,
44958.87,,,0.043,3512.41,0,0,0,0,0,0,,,0,,44958.87,0,0,0.043,3512.41,,,,,,,,,,,,,,,,,,,
46206.56,,,0.042,3609.89,0,0,0,0,0,0,,,0,,46206.56,0,0,0.042,3609.89,,,,,,,,,,,,,,,,,,,
43614.03,,,0.044,3407.35,0,0,0,0,0,0,,,0,,43614.03,0,0,0.044,3407.35,,,,,,,,,,,,,,,,,,,
45769.1,,,0.042,3575.71,0,0,0,0,0,0,,,0,,45769.1,0,0,0.042,3575.71,,,,,,,,,,,,,,,,,,,
46517.69,,,0.042,3634.19,0,0,0,0,0,0,,,0,,46517.69,0,0,0.042,3634.19,,,,,,,,,,,,,,,,,,,
44778.49,,,0.043,3498.32,0,0,0,0,0,0,,,0,,44778.49,0,0,0.043,3498.32,,,,,,,,,,,,,,,,,,,
41163.95,,,0.046,3215.93,0,0,0,0,0,0,,,0,,41163.95,0,0,0.046,3215.93,,,,,,,,,,,,,,,,,,,
44250.53,,,0.044,3457.07,0,0,0,0,0,0,,,0,,44250.53,0,0,0.044,3457.07,,,,,,,,,,,,,,,,,,,
44869.91,,,0.043,3505.46,0,0,0,0,0,0,,,0,,44869.91,0,0,0.043,3505.46,,,,,,,,,,,,,,,,,,,
31.47,,,63.659,2.46,0,0,0,0,0,0,,,0,,31.47,0,0,63.659,2.46,,,,,,,,,,,,,,,,,,,
43735.25,,,0.044,3416.82,0,0,0,0,0,0,,,0,,43735.25,0,0,0.044,3416.82,,,,,,,,,,,,,,,,,,,
44603.33,,,0.043,3484.64,0,0,0,0,0,0,,,0,,44603.33,0,0,0.043,3484.64,,,,,,,,,,,,,,,,,,,
45441.43,,,0.042,3550.11,0,0,0,0,0,0,,,0,,45441.43,0,0,0.042,3550.11,,,,,,,,,,,,,,,,,,,
17.18,,,116.414,1.34,0,0,0,0,0,0,,,0,,17.18,0,0,116.414,1.34,,,,,,,,,,,,,,,,,,,
44775.08,,,0.043,3498.05,0,0,0,0,0,0,,,0,,44775.08,0,0,0.043,3498.05,,,,,,,,,,,,,,,,,,,
48187.08,,,0.04,3764.62,0,0,0,0,0,0,,,0,,48187.08,0,0,0.04,3764.62,,,,,,,,,,,,,,,,,,,
47824.92,,,0.04,3736.32,0,0,0,0,0,0,,,0,,47824.92,0,0,0.04,3736.32,,,,,,,,,,,,,,,,,,,
16.84,,,118.778,1.32,0,0,0,0,0,0,,,0,,16.84,0,0,118.778,1.32,,,,,,,,,,,,,,,,,,,
24.53,,,81.355,1.92,0,0,0,0,0,0,,,0,,24.53,0,0,81.355,1.92,,,,,,,,,,,,,,,,,,,
45874.4,,,0.042,3583.94,0,0,0,0,0,0,,,0,,45874.4,0,0,0.042,3583.94,,,,,,,,,,,,,,,,,,,
45747.12,,,0.042,3573.99,0,0,0,0,0,0,,,0,,45747.12,0,0,0.042,3573.99,,,,,,,,,,,,,,,,,,,
16.98,,,117.784,1.33,0,0,0,0,0,0,,,0,,16.98,0,0,117.784,1.33,,,,,,,,,,,,,,,,,,,
43740.99,,,0.044,3417.27,0,0,0,0,0,0,,,0,,43740.99,0,0,0.044,3417.27,,,,,,,,,,,,,,,,,,,
42150.08,,,0.046,3292.97,0,0,0,0,0,0,,,0,,42150.08,0,0,0.046,3292.97,,,,,,,,,,,,,,,,,,,
35397.1,,,0.053,2765.4,0,0,0,0,0,0,,,0,,35397.1,0,0,0.053,2765.4,,,,,,,,,,,,,,,,,,,
17.13,,,116.753,1.34,0,0,0,0,0,0,,,0,,17.13,0,0,116.753,1.34,,,,,,,,,,,,,,,,,,,
25.89,,,77.183,2.02,0,0,0,0,0,0,,,0,,25.89,0,0,77.183,2.02,,,,,,,,,,,,,,,,,,,
38749.18,,,0.05,3027.28,0,0,0,0,0,0,,,0,,38749.18,0,0,0.05,3027.28,,,,,,,,,,,,,,,,,,,
17.24,,,115.995,1.35,0,0,0,0,0,0,,,0,,17.24,0,0,115.995,1.35,,,,,,,,,,,,,,,,,,,
17.76,,,112.636,1.39,0,0,0,0,0,0,,,0,,17.76,0,0,112.636,1.39,,,,,,,,,,,,,,,,,,,
43933.84,,,0.044,3432.33,0,0,0,0,0,0,,,0,,43933.84,0,0,0.044,3432.33,,,,,,,,,,,,,,,,,,,
17.07,,,117.177,1.33,0,0,0,0,0,0,,,0,,17.07,0,0,117.177,1.33,,,,,,,,,,,,,,,,,,,
17.27,,,115.82,1.35,0,0,0,0,0,0,,,0,,17.27,0,0,115.82,1.35,,,,,,,,,,,,,,,,,,,
47210.45,,,0.041,3688.32,0,0,0,0,0,0,,,0,,47210.45,0,0,0.041,3688.32,,,,,,,,,,,,,,,,,,,
48540.27,,,0.04,3792.21,0,0,0,0,0,0,,,0,,48540.27,0,0,0.04,3792.21,,,,,,,,,,,,,,,,,,,
41791.52,,,0.046,3264.96,0,0,0,0,0,0,,,0,,41791.52,0,0,0.046,3264.96,,,,,,,,,,,,,,,,,,,
46051.86,,,0.042,3597.8,0,0,0,0,0,0,,,0,,46051.86,0,0,0.042,3597.8,,,,,,,,,,,,,,,,,,,
17.47,,,114.475,1.36,0,0,0,0,0,0,,,0,,17.47,0,0,114.475,1.36,,,,,,,,,,,,,,,,,,,
46471.75,,,0.041,3630.61,0,0,0,0,0,0,,,0,,46471.75,0,0,0.041,3630.61,,,,,,,,,,,,,,,,,,,
49398.82,,,0.039,3859.28,0,0,0,0,0,0,,,0,,49398.82,0,0,0.039,3859.28,,,,,,,,,,,,,,,,,,,
46188.1,,,0.042,3608.45,0,0,0,0,0,0,,,0,,46188.1,0,0,0.042,3608.45,,,,,,,,,,,,,,,,,,,
25.67,,,78.011,2.01,0,0,0,0,0,0,,,0,,25.67,0,0,78.011,2.01,,,,,,,,,,,,,,,,,,,
45999.54,,,0.042,3593.71,0,0,0,0,0,0,,,0,,45999.54,0,0,0.042,3593.71,,,,,,,,,,,,,,,,,,,
48770.85,,,0.04,3810.22,0,0,0,0,0,0,,,0,,48770.85,0,0,0.04,3810.22,,,,,,,,,,,,,,,,,,,
36935.19,,,0.051,2885.56,0,0,0,0,0,0,,,0,,36935.19,0,0,0.051,2885.56,,,,,,,,,,,,,,,,,,,
16.89,,,118.409,1.32,0,0,0,0,0,0,,,0,,16.89,0,0,118.409,1.32,,,,,,,,,,,,,,,,,,,
16.74,,,119.478,1.31,0,0,0,0,0,0,,,0,,16.74,0,0,119.478,1.31,,,,,,,,,,,,,,,,,,,
29.71,,,67.329,2.32,0,0,0,0,0,0,,,0,,29.71,0,0,67.329,2.32,,,,,,,,,,,,,,,,,,,
25.78,,,77.612,2.01,0,0,0,0,0,0,,,0,,25.78,0,0,77.612,2.01,,,,,,,,,,,,,,,,,,,
17.59,,,113.721,1.37,0,0,0,0,0,0,,,0,,17.59,0,0,113.721,1.37,,,,,,,,,,,,,,,,,,,
45564,,,0.042,3559.69,0,0,0,0,0,0,,,0,,45564,0,0,0.042,3559.69,,,,,,,,,,,,,,,,,,,
43357.61,,,0.044,3387.31,0,0,0,0,0,0,,,0,,43357.61,0,0,0.044,3387.31,,,,,,,,,,,,,,,,,,,
34.16,,,58.537,2.67,0,0,0,0,0,0,,,0,,34.16,0,0,58.537,2.67,,,,,,,,,,,,,,,,,,,
19.09,,,104.772,1.49,0,0,0,0,0,0,,,0,,19.09,0,0,104.772,1.49,,,,,,,,,,,,,,,,,,,
18.73,,,106.753,1.46,0,0,0,0,0,0,,,0,,18.73,0,0,106.753,1.46,,,,,,,,,,,,,,,,,,,
45146.73,,,0.043,3527.09,0,0,0,0,0,0,,,0,,45146.73,0,0,0.043,3527.09,,,,,,,,,,,,,,,,,,,
46229.84,,,0.042,3611.71,0,0,0,0,0,0,,,0,,46229.84,0,0,0.042,3611.71,,,,,,,,,,,,,,,,,,,
50273.99,,,0.038,3927.66,0,0,0,0,0,0,,,0,,50273.99,0,0,0.038,3927.66,,,,,,,,,,,,,,,,,,,
47740.1,,,0.04,3729.7,0,0,0,0,0,0,,,0,,47740.1,0,0,0.04,3729.7,,,,,,,,,,,,,,,,,,,
48078.66,,,0.04,3756.15,0,0,0,0,0,0,,,0,,48078.66,0,0,0.04,3756.15,,,,,,,,,,,,,,,,,,,
17.57,,,113.828,1.37,0,0,0,0,0,0,,,0,,17.57,0,0,113.828,1.37,,,,,,,,,,,,,,,,,,,
18.06,,,110.73,1.41,0,0,0,0,0,0,,,0,,18.06,0,0,110.73,1.41,,,,,,,,,,,,,,,,,,,
18,,,111.1,1.41,0,0,0,0,0,0,,,0,,18,0,0,111.1,1.41,,,,,,,,,,,,,,,,,,,
43407.3,,,0.044,3391.2,0,0,0,0,0,0,,,0,,43407.3,0,0,0.044,3391.2,,,,,,,,,,,,,,,,,,,
42836.73,,,0.045,3346.62,0,0,0,0,0,0,,,0,,42836.73,0,0,0.045,3346.62,,,,,,,,,,,,,,,,,,,
18.08,,,110.642,1.41,0,0,0,0,0,0,,,0,,18.08,0,0,110.642,1.41,,,,,,,,,,,,,,,,,,,
40613.92,,,0.048,3172.96,0,0,0,0,0,0,,,0,,40613.92,0,0,0.048,3172.96,,,,,,,,,,,,,,,,,,,
31138.24,,,0.06,2432.68,0,0,0,0,0,0,,,0,,31138.24,0,0,0.06,2432.68,,,,,,,,,,,,,,,,,,,
44004.21,,,0.044,3437.83,0,0,0,0,0,0,,,0,,44004.21,0,0,0.044,3437.83,,,,,,,,,,,,,,,,,,,
17.84,,,112.071,1.39,0,0,0,0,0,0,,,0,,17.84,0,0,112.071,1.39,,,,,,,,,,,,,,,,,,,
46494.11,,,0.041,3632.35,0,0,0,0,0,0,,,0,,46494.11,0,0,0.041,3632.35,,,,,,,,,,,,,,,,,,,
21.44,,,93.286,1.67,0,0,0,0,0,0,,,0,,21.44,0,0,93.286,1.67,,,,,,,,,,,,,,,,,,,
20.6,,,97.106,1.61,0,0,0,0,0,0,,,0,,20.6,0,0,97.106,1.61,,,,,,,,,,,,,,,,,,,
20.13,,,99.342,1.57,0,0,0,0,0,0,,,0,,20.13,0,0,99.342,1.57,,,,,,,,,,,,,,,,,,,
67.56,,,29.6,5.28,0,0,0,0,0,0,,,0,,67.56,0,0,29.6,5.28,,,,,,,,,,,,,,,,,,,
46747.98,,,0.041,3652.19,0,0,0,0,0,0,,,0,,46747.98,0,0,0.041,3652.19,,,,,,,,,,,,,,,,,,,
42323.47,,,0.045,3306.52,0,0,0,0,0,0,,,0,,42323.47,0,0,0.045,3306.52,,,,,,,,,,,,,,,,,,,
39769.97,,,0.048,3107.03,0,0,0,0,0,0,,,0,,39769.97,0,0,0.048,3107.03,,,,,,,,,,,,,,,,,,,
44408.23,,,0.043,3469.39,0,0,0,0,0,0,,,0,,44408.23,0,0,0.043,3469.39,,,,,,,,,,,,,,,,,,,
47112.59,,,0.041,3680.67,0,0,0,0,0,0,,,0,,47112.59,0,0,0.041,3680.67,,,,,,,,,,,,,,,,,,,
40.62,,,49.233,3.17,0,0,0,0,0,0,,,0,,40.62,0,0,49.233,3.17,,,,,,,,,,,,,,,,,,,
46029.6,,,0.042,3596.06,0,0,0,0,0,0,,,0,,46029.6,0,0,0.042,3596.06,,,,,,,,,,,,,,,,,,,
44825.16,,,0.042,3501.97,0,0,0,0,0,0,,,0,,44825.16,0,0,0.042,3501.97,,,,,,,,,,,,,,,,,,,
17.54,,,114.008,1.37,0,0,0,0,0,0,,,0,,17.54,0,0,114.008,1.37,,,,,,,,,,,,,,,,,,,
44808.89,,,0.043,3500.69,0,0,0,0,0,0,,,0,,44808.89,0,0,0.043,3500.69,,,,,,,,,,,,,,,,,,,
43276.18,,,0.045,3380.95,0,0,0,0,0,0,,,0,,43276.18,0,0,0.045,3380.95,,,,,,,,,,,,,,,,,,,
18.98,,,105.377,1.48,0,0,0,0,0,0,,,0,,18.98,0,0,105.377,1.48,,,,,,,,,,,,,,,,,,,
47243.8,,,0.041,3690.92,0,0,0,0,0,0,,,0,,47243.8,0,0,0.041,3690.92,,,,,,,,,,,,,,,,,,,
43914.74,,,0.044,3430.84,0,0,0,0,0,0,,,0,,43914.74,0,0,0.044,3430.84,,,,,,,,,,,,,,,,,,,
44909.31,,,0.043,3508.54,0,0,0,0,0,0,,,0,,44909.31,0,0,0.043,3508.54,,,,,,,,,,,,,,,,,,,
31.11,,,64.231,2.43,0,0,0,0,0,0,,,0,,31.11,0,0,64.231,2.43,,,,,,,,,,,,,,,,,,,
47579.74,,,0.04,3717.17,0,0,0,0,0,0,,,0,,47579.74,0,0,0.04,3717.17,,,,,,,,,,,,,,,,,,,
45020.51,,,0.043,3517.23,0,0,0,0,0,0,,,0,,45020.51,0,0,0.043,3517.23,,,,,,,,,,,,,,,,,,,
46239.78,,,0.042,3612.48,0,0,0,0,0,0,,,0,,46239.78,0,0,0.042,3612.48,,,,,,,,,,,,,,,,,,,
33.16,,,60.231,2.59,0,0,0,0,0,0,,,0,,33.16,0,0,60.231,2.59,,,,,,,,,,,,,,,,,,,
30.13,,,66.465,2.35,0,0,0,0,0,0,,,0,,30.13,0,0,66.465,2.35,,,,,,,,,,,,,,,,,,,
46803.88,,,0.041,3656.55,0,0,0,0,0,0,,,0,,46803.88,0,0,0.041,3656.55,,,,,,,,,,,,,,,,,,,
21.02,,,95.147,1.64,0,0,0,0,0,0,,,0,,21.02,0,0,95.147,1.64,,,,,,,,,,,,,,,,,,,
43146.5,,,0.045,3370.82,0,0,0,0,0,0,,,0,,43146.5,0,0,0.045,3370.82,,,,,,,,,,,,,,,,,,,
25.08,,,80.01,1.96,0,0,0,0,0,0,,,0,,25.08,0,0,80.01,1.96,,,,,,,,,,,,,,,,,,,
18.35,,,108.981,1.43,0,0,0,0,0,0,,,0,,18.35,0,0,108.981,1.43,,,,,,,,,,,,,,,,,,,
27.17,,,73.609,2.12,0,0,0,0,0,0,,,0,,27.17,0,0,73.609,2.12,,,,,,,,,,,,,,,,,,,
43997.62,,,0.044,3437.31,0,0,0,0,0,0,,,0,,43997.62,0,0,0.044,3437.31,,,,,,,,,,,,,,,,,,,
41523.41,,,0.047,3244.02,0,0,0,0,0,0,,,0,,41523.41,0,0,0.047,3244.02,,,,,,,,,,,,,,,,,,,
45013.62,,,0.043,3516.69,0,0,0,0,0,0,,,0,,45013.62,0,0,0.043,3516.69,,,,,,,,,,,,,,,,,,,
18.88,,,105.933,1.47,0,0,0,0,0,0,,,0,,18.88,0,0,105.933,1.47,,,,,,,,,,,,,,,,,,,
35607.65,,,0.055,2781.85,0,0,0,0,0,0,,,0,,35607.65,0,0,0.055,2781.85,,,,,,,,,,,,,,,,,,,
50724.21,,,0.038,3962.83,0,0,0,0,0,0,,,0,,50724.21,0,0,0.038,3962.83,,,,,,,,,,,,,,,,,,,
39357.3,,,0.049,3074.79,0,0,0,0,0,0,,,0,,39357.3,0,0,0.049,3074.79,,,,,,,,,,,,,,,,,,,
19.5,,,102.578,1.52,0,0,0,0,0,0,,,0,,19.5,0,0,102.578,1.52,,,,,,,,,,,,,,,,,,,
48420.41,,,0.04,3782.84,0,0,0,0,0,0,,,0,,48420.41,0,0,0.04,3782.84,,,,,,,,,,,,,,,,,,,
45124.01,,,0.042,3525.31,0,0,0,0,0,0,,,0,,45124.01,0,0,0.042,3525.31,,,,,,,,,,,,,,,,,,,
20.27,,,98.643,1.58,0,0,0,0,0,0,,,0,,20.27,0,0,98.643,1.58,,,,,,,,,,,,,,,,,,,
36.65,,,54.561,2.86,0,0,0,0,0,0,,,0,,36.65,0,0,54.561,2.86,,,,,,,,,,,,,,,,,,,
34.72,,,57.605,2.71,0,0,0,0,0,0,,,0,,34.72,0,0,57.605,2.71,,,,,,,,,,,,,,,,,,,
67.51,,,29.624,5.27,0,0,0,0,0,0,,,0,,67.51,0,0,29.624,5.27,,,,,,,,,,,,,,,,,,,
41769.61,,,0.046,3263.25,0,0,0,0,0,0,,,0,,41769.61,0,0,0.046,3263.25,,,,,,,,,,,,,,,,,,,
19.56,,,102.212,1.53,0,0,0,0,0,0,,,0,,19.56,0,0,102.212,1.53,,,,,,,,,,,,,,,,,,,
43490.08,,,0.044,3397.66,0,0,0,0,0,0,,,0,,43490.08,0,0,0.044,3397.66,,,,,,,,,,,,,,,,,,,
18.45,,,108.37,1.44,0,0,0,0,0,0,,,0,,18.45,0,0,108.37,1.44,,,,,,,,,,,,,,,,,,,
18.17,,,110.047,1.42,0,0,0,0,0,0,,,0,,18.17,0,0,110.047,1.42,,,,,,,,,,,,,,,,,,,
18.24,,,109.638,1.43,0,0,0,0,0,0,,,0,,18.24,0,0,109.638,1.43,,,,,,,,,,,,,,,,,,,
20.25,,,98.756,1.58,0,0,0,0,0,0,,,0,,20.25,0,0,98.756,1.58,,,,,,,,,,,,,,,,,,,
45073.37,,,0.043,3521.36,0,0,0,0,0,0,,,0,,45073.37,0,0,0.043,3521.36,,,,,,,,,,,,,,,,,,,
45798.14,,,0.042,3577.98,0,0,0,0,0,0,,,0,,45798.14,0,0,0.042,3577.98,,,,,,,,,,,,,,,,,,,
43185.63,,,0.045,3373.88,0,0,0,0,0,0,,,0,,43185.63,0,0,0.045,3373.88,,,,,,,,,,,,,,,,,,,
46681.42,,,0.041,3646.99,0,0,0,0,0,0,,,0,,46681.42,0,0,0.041,3646.99,,,,,,,,,,,,,,,,,,,
43728.85,,,0.044,3416.32,0,0,0,0,0,0,,,0,,43728.85,0,0,0.044,3416.32,,,,,,,,,,,,,,,,,,,
19.54,,,102.333,1.53,0,0,0,0,0,0,,,0,,19.54,0,0,102.333,1.53,,,,,,,,,,,,,,,,,,,
46489.03,,,0.041,3631.96,0,0,0,0,0,0,,,0,,46489.03,0,0,0.041,3631.96,,,,,,,,,,,,,,,,,,,
27.31,,,73.186,2.13,0,0,0,0,0,0,,,0,,27.31,0,0,73.186,2.13,,,,,,,,,,,,,,,,,,,
42256.59,,,0.045,3301.3,0,0,0,0,0,0,,,0,,42256.59,0,0,0.045,3301.3,,,,,,,,,,,,,,,,,,,
45384.2,,,0.042,3545.64,0,0,0,0,0,0,,,0,,45384.2,0,0,0.042,3545.64,,,,,,,,,,,,,,,,,,,
24.7,,,80.969,1.93,0,0,0,0,0,0,,,0,,24.7,0,0,80.969,1.93,,,,,,,,,,,,,,,,,,,
38569.31,,,0.05,3013.23,0,0,0,0,0,0,,,0,,38569.31,0,0,0.05,3013.23,,,,,,,,,,,,,,,,,,,
44494.08,,,0.044,3476.1,0,0,0,0,0,0,,,0,,44494.08,0,0,0.044,3476.1,,,,,,,,,,,,,,,,,,,
27.17,,,73.532,2.12,0,0,0,0,0,0,,,0,,27.17,0,0,73.532,2.12,,,,,,,,,,,,,,,,,,,
46520.5,,,0.041,3634.41,0,0,0,0,0,0,,,0,,46520.5,0,0,0.041,3634.41,,,,,,,,,,,,,,,,,,,
45554.97,,,0.042,3558.98,0,0,0,0,0,0,,,0,,45554.97,0,0,0.042,3558.98,,,,,,,,,,,,,,,,,,,
43257.83,,,0.045,3379.52,0,0,0,0,0,0,,,0,,43257.83,0,0,0.045,3379.52,,,,,,,,,,,,,,,,,,,
46528.94,,,0.041,3635.07,0,0,0,0,0,0,,,0,,46528.94,0,0,0.041,3635.07,,,,,,,,,,,,,,,,,,,
42524.15,,,0.045,3322.2,0,0,0,0,0,0,,,0,,42524.15,0,0,0.045,3322.2,,,,,,,,,,,,,,,,,,,
42184.04,,,0.046,3295.63,0,0,0,0,0,0,,,0,,42184.04,0,0,0.046,3295.63,,,,,,,,,,,,,,,,,,,
46343.82,,,0.041,3620.61,0,0,0,0,0,0,,,0,,46343.82,0,0,0.041,3620.61,,,,,,,,,,,,,,,,,,,
20.23,,,98.865,1.58,0,0,0,0,0,0,,,0,,20.23,0,0,98.865,1.58,,,,,,,,,,,,,,,,,,,
41560.34,,,0.046,3246.9,0,0,0,0,0,0,,,0,,41560.34,0,0,0.046,3246.9,,,,,,,,,,,,,,,,,,,
38421.71,,,0.05,3001.7,0,0,0,0,0,0,,,0,,38421.71,0,0,0.05,3001.7,,,,,,,,,,,,,,,,,,,
47529.31,,,0.04,3713.23,0,0,0,0,0,0,,,0,,47529.31,0,0,0.04,3713.23,,,,,,,,,,,,,,,,,,,
44163.08,,,0.043,3450.24,0,0,0,0,0,0,,,0,,44163.08,0,0,0.043,3450.24,,,,,,,,,,,,,,,,,,,
45397.28,,,0.042,3546.66,0,0,0,0,0,0,,,0,,45397.28,0,0,0.042,3546.66,,,,,,,,,,,,,,,,,,,
43035.28,,,0.045,3362.13,0,0,0,0,0,0,,,0,,43035.28,0,0,0.045,3362.13,,,,,,,,,,,,,,,,,,,
34.2,,,58.47,2.67,0,0,0,0,0,0,,,0,,34.2,0,0,58.47,2.67,,,,,,,,,,,,,,,,,,,
41470.55,,,0.046,3239.89,0,0,0,0,0,0,,,0,,41470.55,0,0,0.046,3239.89,,,,,,,,,,,,,,,,,,,
19.86,,,100.721,1.55,0,0,0,0,0,0,,,0,,19.86,0,0,100.721,1.55,,,,,,,,,,,,,,,,,,,
46380.79,,,0.041,3623.5,0,0,0,0,0,0,,,0,,46380.79,0,0,0.041,3623.5,,,,,,,,,,,,,,,,,,,
44124.2,,,0.043,3447.2,0,0,0,0,0,0,,,0,,44124.2,0,0,0.043,3447.2,,,,,,,,,,,,,,,,,,,
19.12,,,104.59,1.49,0,0,0,0,0,0,,,0,,19.12,0,0,104.59,1.49,,,,,,,,,,,,,,,,,,,
43648.59,,,0.044,3410.05,0,0,0,0,0,0,,,0,,43648.59,0,0,0.044,3410.05,,,,,,,,,,,,,,,,,,,
18,,,111.095,1.41,0,0,0,0,0,0,,,0,,18,0,0,111.095,1.41,,,,,,,,,,,,,,,,,,,
17.74,,,112.707,1.39,0,0,0,0,0,0,,,0,,17.74,0,0,112.707,1.39,,,,,,,,,,,,,,,,,,,
17.32,,,115.442,1.35,0,0,0,0,0,0,,,0,,17.32,0,0,115.442,1.35,,,,,,,,,,,,,,,,,,,
45393.47,,,0.042,3546.36,0,0,0,0,0,0,,,0,,45393.47,0,0,0.042,3546.36,,,,,,,,,,,,,,,,,,,
36.63,,,54.592,2.86,0,0,0,0,0,0,,,0,,36.63,0,0,54.592,2.86,,,,,,,,,,,,,,,,,,,
48058.67,,,0.04,3754.58,0,0,0,0,0,0,,,0,,48058.67,0,0,0.04,3754.58,,,,,,,,,,,,,,,,,,,
44743.63,,,0.043,3495.6,0,0,0,0,0,0,,,0,,44743.63,0,0,0.043,3495.6,,,,,,,,,,,,,,,,,,,
43022.97,,,0.044,3361.17,0,0,0,0,0,0,,,0,,43022.97,0,0,0.044,3361.17,,,,,,,,,,,,,,,,,,,
18.81,,,106.344,1.47,0,0,0,0,0,0,,,0,,18.81,0,0,106.344,1.47,,,,,,,,,,,,,,,,,,,
18.81,,,106.328,1.47,0,0,0,0,0,0,,,0,,18.81,0,0,106.328,1.47,,,,,,,,,,,,,,,,,,,
18.36,,,108.911,1.43,0,0,0,0,0,0,,,0,,18.36,0,0,108.911,1.43,,,,,,,,,,,,,,,,,,,
18.34,,,109.063,1.43,0,0,0,0,0,0,,,0,,18.34,0,0,109.063,1.43,,,,,,,,,,,,,,,,,,,
40261.3,,,0.048,3145.41,0,0,0,0,0,0,,,0,,40261.3,0,0,0.048,3145.41,,,,,,,,,,,,,,,,,,,
48584.61,,,0.04,3795.67,0,0,0,0,0,0,,,0,,48584.61,0,0,0.04,3795.67,,,,,,,,,,,,,,,,,,,
41214.76,,,0.047,3219.9,0,0,0,0,0,0,,,0,,41214.76,0,0,0.047,3219.9,,,,,,,,,,,,,,,,,,,
41811.88,,,0.046,3266.55,0,0,0,0,0,0,,,0,,41811.88,0,0,0.046,3266.55,,,,,,,,,,,,,,,,,,,
44971.11,,,0.043,3513.37,0,0,0,0,0,0,,,0,,44971.11,0,0,0.043,3513.37,,,,,,,,,,,,,,,,,,,
47616.89,,,0.04,3720.07,0,0,0,0,0,0,,,0,,47616.89,0,0,0.04,3720.07,,,,,,,,,,,,,,,,,,,
47499.39,,,0.041,3710.89,0,0,0,0,0,0,,,0,,47499.39,0,0,0.041,3710.89,,,,,,,,,,,,,,,,,,,
18.46,,,108.323,1.44,0,0,0,0,0,0,,,0,,18.46,0,0,108.323,1.44,,,,,,,,,,,,,,,,,,,
28.2,,,70.927,2.2,0,0,0,0,0,0,,,0,,28.2,0,0,70.927,2.2,,,,,,,,,,,,,,,,,,,
43868.11,,,0.044,3427.2,0,0,0,0,0,0,,,0,,43868.11,0,0,0.044,3427.2,,,,,,,,,,,,,,,,,,,
42584.9,,,0.045,3326.95,0,0,0,0,0,0,,,0,,42584.9,0,0,0.045,3326.95,,,,,,,,,,,,,,,,,,,
26.06,,,76.736,2.04,0,0,0,0,0,0,,,0,,26.06,0,0,76.736,2.04,,,,,,,,,,,,,,,,,,,
18.84,,,106.138,1.47,0,0,0,0,0,0,,,0,,18.84,0,0,106.138,1.47,,,,,,,,,,,,,,,,,,,
46852.01,,,0.041,3660.31,0,0,0,0,0,0,,,0,,46852.01,0,0,0.041,3660.31,,,,,,,,,,,,,,,,,,,
34361.31,,,0.056,2684.48,0,0,0,0,0,0,,,0,,34361.31,0,0,0.056,2684.48,,,,,,,,,,,,,,,,,,,
43517.52,,,0.044,3399.81,0,0,0,0,0,0,,,0,,43517.52,0,0,0.044,3399.81,,,,,,,,,,,,,,,,,,,
47578.27,,,0.04,3717.05,0,0,0,0,0,0,,,0,,47578.27,0,0,0.04,3717.05,,,,,,,,,,,,,,,,,,,
19.74,,,101.294,1.54,0,0,0,0,0,0,,,0,,19.74,0,0,101.294,1.54,,,,,,,,,,,,,,,,,,,
29.69,,,67.494,2.32,0,0,0,0,0,0,,,0,,29.69,0,0,67.494,2.32,,,,,,,,,,,,,,,,,,,
18.37,,,108.901,1.43,0,0,0,0,0,0,,,0,,18.37,0,0,108.901,1.43,,,,,,,,,,,,,,,,,,,
17.84,,,112.079,1.39,0,0,0,0,0,0,,,0,,17.84,0,0,112.079,1.39,,,,,,,,,,,,,,,,,,,
28.84,,,69.384,2.25,0,0,0,0,0,0,,,0,,28.84,0,0,69.384,2.25,,,,,,,,,,,,,,,,,,,
32386.57,,,0.058,2530.2,0,0,0,0,0,0,,,0,,32386.57,0,0,0.058,2530.2,,,,,,,,,,,,,,,,,,,
28.76,,,69.655,2.25,0,0,0,0,0,0,,,0,,28.76,0,0,69.655,2.2519.60,,,102.007,1.53,0,0,0,0,0,0,,,0,,19.6,0,0,102.007,1.53
45751.31,,,0.042,3574.32,0,0,0,0,0,0,,,0,,45751.31,0,0,0.042,3574.32,,,,,,,,,,,,,,,,,,,
40396.29,,,0.048,3155.96,0,0,0,0,0,0,,,0,,40396.29,0,0,0.048,3155.96,,,,,,,,,,,,,,,,,,,
18.91,,,105.765,1.48,0,0,0,0,0,0,,,0,,18.91,0,0,105.765,1.48,,,,,,,,,,,,,,,,,,,
18.6,,,107.541,1.45,0,0,0,0,0,0,,,0,,18.6,0,0,107.541,1.45,,,,,,,,,,,,,,,,,,,
42739.33,,,0.045,3339.01,0,0,0,0,0,0,,,0,,42739.33,0,0,0.045,3339.01,,,,,,,,,,,,,,,,,,,
24.91,,,79.857,1.95,0,0,0,0,0,0,,,0,,24.91,0,0,79.857,1.95,,,,,,,,,,,,,,,,,,,
29.73,,,67.34,2.32,0,0,0,0,0,0,,,0,,29.73,0,0,67.34,2.32,,,,,,,,,,,,,,,,,,,
43837.35,,,0.044,3424.79,0,0,0,0,0,0,,,0,,43837.35,0,0,0.044,3424.79,,,,,,,,,,,,,,,,,,,
46799.28,,,0.041,3656.19,0,0,0,0,0,0,,,0,,46799.28,0,0,0.041,3656.19,,,,,,,,,,,,,,,,,,,
18.74,,,106.722,1.46,0,0,0,0,0,0,,,0,,18.74,0,0,106.722,1.46,,,,,,,,,,,,,,,,,,,
19.7,,,101.504,1.54,0,0,0,0,0,0,,,0,,19.7,0,0,101.504,1.54,,,,,,,,,,,,,,,,,,,
47631.07,,,0.04,3721.18,0,0,0,0,0,0,,,0,,47631.07,0,0,0.04,3721.18,,,,,,,,,,,,,,,,,,,
44062.96,,,0.044,3442.42,0,0,0,0,0,0,,,0,,44062.96,0,0,0.044,3442.42,,,,,,,,,,,,,,,,,,,
44931,,,0.043,3510.23,0,0,0,0,0,0,,,0,,44931,0,0,0.043,3510.23,,,,,,,,,,,,,,,,,,,
39271.05,,,0.049,3068.05,0,0,0,0,0,0,,,0,,39271.05,0,0,0.049,3068.05,,,,,,,,,,,,,,,,,,,
34974.27,,,0.055,2732.36,0,0,0,0,0,0,,,0,,34974.27,0,0,0.055,2732.36,,,,,,,,,,,,,,,,,,,
42322.94,,,0.045,3306.48,0,0,0,0,0,0,,,0,,42322.94,0,0,0.045,3306.48,,,,,,,,,,,,,,,,,,,
40.94,,,48.845,3.2,0,0,0,0,0,0,,,0,,40.94,0,0,48.845,3.2,,,,,,,,,,,,,,,,,,,
44106,,,0.044,3445.78,0,0,0,0,0,0,,,0,,44106,0,0,0.044,3445.78,,,,,,,,,,,,,,,,,,,
18.39,,,108.777,1.44,0,0,0,0,0,0,,,0,,18.39,0,0,108.777,1.44,,,,,,,,,,,,,,,,,,,
47261.77,,,0.041,3692.33,0,0,0,0,0,0,,,0,,47261.77,0,0,0.041,3692.33,,,,,,,,,,,,,,,,,,,
42112.71,,,0.046,3290.06,0,0,0,0,0,0,,,0,,42112.71,0,0,0.046,3290.06,,,,,,,,,,,,,,,,,,,
50231.69,,,0.038,3924.35,0,0,0,0,0,0,,,0,,50231.69,0,0,0.038,3924.35,,,,,,,,,,,,,,,,,,,
19.01,,,105.177,1.49,0,0,0,0,0,0,,,0,,19.01,0,0,105.177,1.49,,,,,,,,,,,,,,,,,,,
43558.37,,,0.045,3403,0,0,0,0,0,0,,,0,,43558.37,0,0,0.045,3403,,,,,,,,,,,,,,,,,,,
24.43,,,81.481,1.91,0,0,0,0,0,0,,,0,,24.43,0,0,81.481,1.91,,,,,,,,,,,,,,,,,,,
44105.23,,,0.043,3445.72,0,0,0,0,0,0,,,0,,44105.23,0,0,0.043,3445.72,,,,,,,,,,,,,,,,,,,
22.65,,,87.744,1.77,0,0,0,0,0,0,,,0,,22.65,0,0,87.744,1.77,,,,,,,,,,,,,,,,,,,
18.47,,,108.274,1.44,0,0,0,0,0,0,,,0,,18.47,0,0,108.274,1.44,,,,,,,,,,,,,,,,,,,
44226.55,,,0.043,3455.2,0,0,0,0,0,0,,,0,,44226.55,0,0,0.043,3455.2,,,,,,,,,,,,,,,,,,,
46810.67,,,0.041,3657.08,0,0,0,0,0,0,,,0,,46810.67,0,0,0.041,3657.08,,,,,,,,,,,,,,,,,,,
49602.81,,,0.039,3875.22,0,0,0,0,0,0,,,0,,49602.81,0,0,0.039,3875.22,,,,,,,,,,,,,,,,,,,
50255.3,,,0.038,3926.2,0,0,0,0,0,0,,,0,,50255.3,0,0,0.038,3926.2,,,,,,,,,,,,,,,,,,,
27.01,,,74.199,2.11,0,0,0,0,0,0,,,0,,27.01,0,0,74.199,2.11,,,,,,,,,,,,,,,,,,,
45713.14,,,0.042,3571.34,0,0,0,0,0,0,,,0,,45713.14,0,0,0.042,3571.34,,,,,,,,,,,,,,,,,,,
32.76,,,61.177,2.56,0,0,0,0,0,0,,,0,,32.76,0,0,61.177,2.56,,,,,,,,,,,,,,,,,,,
45686.61,,,0.042,3569.27,0,0,0,0,0,0,,,0,,45686.61,0,0,0.042,3569.27,,,,,,,,,,,,,,,,,,,
44199.19,,,0.043,3453.06,0,0,0,0,0,0,,,0,,44199.19,0,0,0.043,3453.06,,,,,,,,,,,,,,,,,,,
18.42,,,108.595,1.44,0,0,0,0,0,0,,,0,,18.42,0,0,108.595,1.44,,,,,,,,,,,,,,,,,,,
45474.6,,,0.042,3552.7,0,0,0,0,0,0,,,0,,45474.6,0,0,0.042,3552.7,,,,,,,,,,,,,,,,,,,
46035.32,,,0.042,3596.51,0,0,0,0,0,0,,,0,,46035.32,0,0,0.042,3596.51,,,,,,,,,,,,,,,,,,,
45859.15,,,0.042,3582.75,0,0,0,0,0,0,,,0,,45859.15,0,0,0.042,3582.75,,,,,,,,,,,,,,,,,,,
18.93,,,105.629,1.48,0,0,0,0,0,0,,,0,,18.93,0,0,105.629,1.48,,,,,,,,,,,,,,,,,,,
40454.38,,,0.047,3160.5,0,0,0,0,0,0,,,0,,40454.38,0,0,0.047,3160.5,,,,,,,,,,,,,,,,,,,
47802.75,,,0.04,3734.59,0,0,0,0,0,0,,,0,,47802.75,0,0,0.04,3734.59,,,,,,,,,,,,,,,,,,,
48641.21,,,0.04,3800.09,0,0,0,0,0,0,,,0,,48641.21,0,0,0.04,3800.09,,,,,,,,,,,,,,,,,,,
44114.95,,,0.044,3446.48,0,0,0,0,0,0,,,0,,44114.95,0,0,0.044,3446.48,,,,,,,,,,,,,,,,,,,
18.79,,,106.443,1.47,0,0,0,0,0,0,,,0,,18.79,0,0,106.443,1.47,,,,,,,,,,,,,,,,,,,
32.63,,,61.172,2.55,0,0,0,0,0,0,,,0,,32.63,0,0,61.172,2.55,,,,,,,,,,,,,,,,,,,
43973.54,,,0.044,3435.43,0,0,0,0,0,0,,,0,,43973.54,0,0,0.044,3435.43,,,,,,,,,,,,,,,,,,,
48387.25,,,0.04,3780.25,0,0,0,0,0,0,,,0,,48387.25,0,0,0.04,3780.25,,,,,,,,,,,,,,,,,,,
37991.39,,,0.05,2968.08,0,0,0,0,0,0,,,0,,37991.39,0,0,0.05,2968.08,,,,,,,,,,,,,,,,,,,
18.85,,,106.103,1.47,0,0,0,0,0,0,,,0,,18.85,0,0,106.103,1.47,,,,,,,,,,,,,,,,,,,
37.01,,,54.023,2.89,0,0,0,0,0,0,,,0,,37.01,0,0,54.023,2.89,,,,,,,,,,,,,,,,,,,
19.62,,,101.942,1.53,0,0,0,0,0,0,,,0,,19.62,0,0,101.942,1.53,,,,,,,,,,,,,,,,,,,
42859.87,,,0.045,3348.43,0,0,0,0,0,0,,,0,,42859.87,0,0,0.045,3348.43,,,,,,,,,,,,,,,,,,,
18.65,,,107.24,1.46,0,0,0,0,0,0,,,0,,18.65,0,0,107.24,1.46,,,,,,,,,,,,,,,,,,,
34.96,,,57.201,2.73,0,0,0,0,0,0,,,0,,34.96,0,0,57.201,2.73,,,,,,,,,,,,,,,,,,,
38200.67,,,0.05,2984.43,0,0,0,0,0,0,,,0,,38200.67,0,0,0.05,2984.43,,,,,,,,,,,,,,,,,,,
45959.9,,,0.042,3590.62,0,0,0,0,0,0,,,0,,45959.9,0,0,0.042,3590.62,,,,,,,,,,,,,,,,,,,
47666.03,,,0.04,3723.91,0,0,0,0,0,0,,,0,,47666.03,0,0,0.04,3723.91,,,,,,,,,,,,,,,,,,,
19.34,,,103.412,1.51,0,0,0,0,0,0,,,0,,19.34,0,0,103.412,1.51,,,,,,,,,,,,,,,,,,,
45302.47,,,0.042,3539.26,0,0,0,0,0,0,,,0,,45302.47,0,0,0.042,3539.26,,,,,,,,,,,,,,,,,,,
45674.72,,,0.042,3568.34,0,0,0,0,0,0,,,0,,45674.72,0,0,0.042,3568.34,,,,,,,,,,,,,,,,,,,
49158.65,,,0.039,3840.52,0,0,0,0,0,0,,,0,,49158.65,0,0,0.039,3840.52,,,,,,,,,,,,,,,,,,,
45079.87,,,0.042,3521.86,0,0,0,0,0,0,,,0,,45079.87,0,0,0.042,3521.86,,,,,,,,,,,,,,,,,,,
44840.84,,,0.043,3503.19,0,0,0,0,0,0,,,0,,44840.84,0,0,0.043,3503.19,,,,,,,,,,,,,,,,,,,
48464.52,,,0.04,3786.29,0,0,0,0,0,0,,,0,,48464.52,0,0,0.04,3786.29,,,,,,,,,,,,,,,,,,,
47716.07,,,0.04,3727.82,0,0,0,0,0,0,,,0,,47716.07,0,0,0.04,3727.82,,,,,,,,,,,,,,,,,,,
26770.14,,,0.073,2091.42,0,0,0,0,0,0,,,0,,26770.14,0,0,0.073,2091.42,,,,,,,,,,,,,,,,,,,
31.63,,,63.279,2.47,0,0,0,0,0,0,,,0,,31.63,0,0,63.279,2.47,,,,,,,,,,,,,,,,,,,
18.04,,,110.889,1.41,0,0,0,0,0,0,,,0,,18.04,0,0,110.889,1.41,,,,,,,,,,,,,,,,,,,
41407.18,,,0.047,3234.94,0,0,0,0,0,0,,,0,,41407.18,0,0,0.047,3234.94,,,,,,,,,,,,,,,,,,,
38667.89,,,0.05,3020.93,0,0,0,0,0,0,,,0,,38667.89,0,0,0.05,3020.93,,,,,,,,,,,,,,,,,,,
44102.6,,,0.044,3445.52,0,0,0,0,0,0,,,0,,44102.6,0,0,0.044,3445.52,,,,,,,,,,,,,,,,,,,
18.38,,,108.802,1.44,0,0,0,0,0,0,,,0,,18.38,0,0,108.802,1.44,,,,,,,,,,,,,,,,,,,
47500.18,,,0.041,3710.95,0,0,0,0,0,0,,,0,,47500.18,0,0,0.041,3710.95,,,,,,,,,,,,,,,,,,,
45378.23,,,0.042,3545.17,0,0,0,0,0,0,,,0,,45378.23,0,0,0.042,3545.17,,,,,,,,,,,,,,,,,,,
41960.3,,,0.046,3278.15,0,0,0,0,0,0,,,0,,41960.3,0,0,0.046,3278.15,,,,,,,,,,,,,,,,,,,
45655.22,,,0.042,3566.81,0,0,0,0,0,0,,,0,,45655.22,0,0,0.042,3566.81,,,,,,,,,,,,,,,,,,,
18.15,,,110.212,1.42,0,0,0,0,0,0,,,0,,18.15,0,0,110.212,1.42,,,,,,,,,,,,,,,,,,,
45876.93,,,0.042,3584.13,0,0,0,0,0,0,,,0,,45876.93,0,0,0.042,3584.13,,,,,,,,,,,,,,,,,,,
17.35,,,115.268,1.36,0,0,0,0,0,0,,,0,,17.35,0,0,115.268,1.36,,,,,,,,,,,,,,,,,,,
52639.61,,,0.037,4112.47,0,0,0,0,0,0,,,0,,52639.61,0,0,0.037,4112.47,,,,,,,,,,,,,,,,,,,
27.55,,,72.536,2.15,0,0,0,0,0,0,,,0,,27.55,0,0,72.536,2.15,,,,,,,,,,,,,,,,,,,
38492.26,,,0.05,3007.21,0,0,0,0,0,0,,,0,,38492.26,0,0,0.05,3007.21,,,,,,,,,,,,,,,,,,,
45364.85,,,0.042,3544.13,0,0,0,0,0,0,,,0,,45364.85,0,0,0.042,3544.13,,,,,,,,,,,,,,,,,,,
45722.44,,,0.042,3572.07,0,0,0,0,0,0,,,0,,45722.44,0,0,0.042,3572.07,,,,,,,,,,,,,,,,,,,
42682.69,,,0.045,3334.59,0,0,0,0,0,0,,,0,,42682.69,0,0,0.045,3334.59,,,,,,,,,,,,,,,,,,,
33.7,,,59.337,2.63,0,0,0,0,0,0,,,0,,33.7,0,0,59.337,2.63,,,,,,,,,,,,,,,,,,,
23.79,,,83.65,1.86,0,0,0,0,0,0,,,0,,23.79,0,0,83.65,1.86,,,,,,,,,,,,,,,,,,,
17.82,,,112.207,1.39,0,0,0,0,0,0,,,0,,17.82,0,0,112.207,1.39,,,,,,,,,,,,,,,,,,,
33.54,,,59.626,2.62,0,0,0,0,0,0,,,0,,33.54,0,0,59.626,2.62,,,,,,,,,,,,,,,,,,,
55.98,,,35.728,4.37,0,0,0,0,0,0,,,0,,55.98,0,0,35.728,4.37,,,,,,,,,,,,,,,,,,,
47366.88,,,0.041,3700.54,0,0,0,0,0,0,,,0,,47366.88,0,0,0.041,3700.54,,,,,,,,,,,,,,,,,,,
43834.56,,,0.044,3424.57,0,0,0,0,0,0,,,0,,43834.56,0,0,0.044,3424.57,,,,,,,,,,,,,,,,,,,
47398.64,,,0.041,3703.02,0,0,0,0,0,0,,,0,,47398.64,0,0,0.041,3703.02,,,,,,,,,,,,,,,,,,,
45602.23,,,0.042,3562.67,0,0,0,0,0,0,,,0,,45602.23,0,0,0.042,3562.67,,,,,,,,,,,,,,,,,,,
18.07,,,110.656,1.41,0,0,0,0,0,0,,,0,,18.07,0,0,110.656,1.41,,,,,,,,,,,,,,,,,,,
17.93,,,111.517,1.4,0,0,0,0,0,0,,,0,,17.93,0,0,111.517,1.4,,,,,,,,,,,,,,,,,,,
43212.41,,,0.044,3375.97,0,0,0,0,0,0,,,0,,43212.41,0,0,0.044,3375.97,,,,,,,,,,,,,,,,,,,
44308.47,,,0.044,3461.6,0,0,0,0,0,0,,,0,,44308.47,0,0,0.044,3461.6,,,,,,,,,,,,,,,,,,,
33763.94,,,0.057,2637.81,0,0,0,0,0,0,,,0,,33763.94,0,0,0.057,2637.81,,,,,,,,,,,,,,,,,,,
44355.04,,,0.044,3465.24,0,0,0,0,0,0,,,0,,44355.04,0,0,0.044,3465.24,,,,,,,,,,,,,,,,,,,
44187.67,,,0.043,3452.16,0,0,0,0,0,0,,,0,,44187.67,0,0,0.043,3452.16,,,,,,,,,,,,,,,,,,,
41339.48,,,0.047,3229.65,0,0,0,0,0,0,,,0,,41339.48,0,0,0.047,3229.65,,,,,,,,,,,,,,,,,,,
17.9,,,111.756,1.4,0,0,0,0,0,0,,,0,,17.9,0,0,111.756,1.4,,,,,,,,,,,,,,,,,,,
40190.26,,,0.048,3139.86,0,0,0,0,0,0,,,0,,40190.26,0,0,0.048,3139.86,,,,,,,,,,,,,,,,,,,
44177.9,,,0.044,3451.4,0,0,0,0,0,0,,,0,,44177.9,0,0,0.044,3451.4,,,,,,,,,,,,,,,,,,,
37296.66,,,0.052,2913.8,0,0,0,0,0,0,,,0,,37296.66,0,0,0.052,2913.8,,,,,,,,,,,,,,,,,,,
44633.29,,,0.043,3486.98,0,0,0,0,0,0,,,0,,44633.29,0,0,0.043,3486.98,,,,,,,,,,,,,,,,,,,
44192.16,,,0.044,3452.51,0,0,0,0,0,0,,,0,,44192.16,0,0,0.044,3452.51,,,,,,,,,,,,,,,,,,,
18.36,,,108.908,1.43,0,0,0,0,0,0,,,0,,18.36,0,0,108.908,1.43,,,,,,,,,,,,,,,,,,,
46407.7,,,0.041,3625.6,0,0,0,0,0,0,,,0,,46407.7,0,0,0.041,3625.6,,,,,,,,,,,,,,,,,,,
28.69,,,69.651,2.24,0,0,0,0,0,0,,,0,,28.69,0,0,69.651,2.24,,,,,,,,,,,,,,,,,,,
28.97,,,68.938,2.26,0,0,0,0,0,0,,,0,,28.97,0,0,68.938,2.26,,,,,,,,,,,,,,,,,,,
47.18,,,42.389,3.69,0,0,0,0,0,0,,,0,,47.18,0,0,42.389,3.69,,,,,,,,,,,,,,,,,,,
38490.63,,,0.049,3007.08,0,0,0,0,0,0,,,0,,38490.63,0,0,0.049,3007.08,,,,,,,,,,,,,,,,,,,
36745.32,,,0.045,2870.73,0,0,0,0,0,0,,,0,,36745.32,0,0,0.045,2870.73,,,,,,,,,,,,,,,,,,,
47524.11,,,0.04,3712.82,0,0,0,0,0,0,,,0,,47524.11,0,0,0.04,3712.82,,,,,,,,,,,,,,,,,,,
46553.74,,,0.041,3637.01,0,0,0,0,0,0,,,0,,46553.74,0,0,0.041,3637.01,,,,,,,,,,,,,,,,,,,
35259.13,,,0.054,2754.62,0,0,0,0,0,0,,,0,,35259.13,0,0,0.054,2754.62,,,,,,,,,,,,,,,,,,,
19.68,,,101.605,1.54,0,0,0,0,0,0,,,0,,19.68,0,0,101.605,1.54,,,,,,,,,,,,,,,,,,,
33.53,,,59.648,2.62,0,0,0,0,0,0,,,0,,33.53,0,0,59.648,2.62,,,,,,,,,,,,,,,,,,,
30646.69,,,0.066,2394.27,0,0,0,0,0,0,,,0,,30646.69,0,0,0.066,2394.27,,,,,,,,,,,,,,,,,,,
23192.09,,,0.082,1811.88,0,0,0,0,0,0,,,0,,23192.09,0,0,0.082,1811.88,,,,,,,,,,,,,,,,,,,
18955.19,,,0.097,1480.87,0,0,0,0,0,0,,,0,,18955.19,0,0,0.097,1480.87,,,,,,,,,,,,,,,,,,,
17.35,,,115.273,1.36,0,0,0,0,0,0,,,0,,17.35,0,0,115.273,1.36,,,,,,,,,,,,,,,,,,,
28806.45,,,0.07,2250.5,0,0,0,0,0,0,,,0,,28806.45,0,0,0.07,2250.5,,,,,,,,,,,,,,,,,,,
36556.66,,,0.052,2855.99,0,0,0,0,0,0,,,0,,36556.66,0,0,0.052,2855.99,,,,,,,,,,,,,,,,,,,
31003.09,,,0.061,2422.12,0,0,0,0,0,0,,,0,,31003.09,0,0,0.061,2422.12,,,,,,,,,,,,,,,,,,,
27212,,,0.072,2125.94,0,0,0,0,0,0,,,0,,27212,0,0,0.072,2125.94,,,,,,,,,,,,,,,,,,,
35715.63,,,0.054,2790.28,0,0,0,0,0,0,,,0,,35715.63,0,0,0.054,2790.28,,,,,,,,,,,,,,,,,,,
31.41,,,63.885,2.45,0,0,0,0,0,0,,,0,,31.41,0,0,63.885,2.45,,,,,,,,,,,,,,,,,,,
41721.08,,,0.046,3259.46,0,0,0,0,0,0,,,0,,41721.08,0,0,0.046,3259.46,,,,,,,,,,,,,,,,,,,
26.62,,,75.347,2.08,0,0,0,0,0,0,,,0,,26.62,0,0,75.347,2.08,,,,,,,,,,,,,,,,,,,
29.87,,,67.121,2.33,0,0,0,0,0,0,,,0,,29.87,0,0,67.121,2.33,,,,,,,,,,,,,,,,,,,
34686.09,,,0.055,2709.85,0,0,0,0,0,0,,,0,,34686.09,0,0,0.055,2709.85,,,,,,,,,,,,,,,,,,,
28883.16,,,0.067,2256.5,0,0,0,0,0,0,,,0,,28883.16,0,0,0.067,2256.5,,,,,,,,,,,,,,,,,,,
33088.26,,,0.058,2585.02,0,0,0,0,0,0,,,0,,33088.26,0,0,0.058,2585.02,,,,,,,,,,,,,,,,,,,
26.73,,,74.611,2.09,0,0,0,0,0,0,,,0,,26.73,0,0,74.611,2.09,,,,,,,,,,,,,,,,,,,
36528.95,,,0.053,2853.82,0,0,0,0,0,0,,,0,,36528.95,0,0,0.053,2853.82,,,,,,,,,,,,,,,,,,,
35479.05,,,0.054,2771.8,0,0,0,0,0,0,,,0,,35479.05,0,0,0.054,2771.8,,,,,,,,,,,,,,,,,,,
27847.82,,,0.07,2175.61,0,0,0,0,0,0,,,0,,27847.82,0,0,0.07,2175.61,,,,,,,,,,,,,,,,,,,
18484.92,,,0.102,1444.13,0,0,0,0,0,0,,,0,,18484.92,0,0,0.102,1444.13,,,,,,,,,,,,,,,,,,,
19.89,,,100.567,1.55,0,0,0,0,0,0,,,0,,19.89,0,0,100.567,1.55,,,,,,,,,,,,,,,,,,,
28.89,,,69.058,2.26,0,0,0,0,0,0,,,0,,28.89,0,0,69.058,2.26,,,,,,,,,,,,,,,,,,,
35483.2,,,0.054,2772.13,0,0,0,0,0,0,,,0,,35483.2,0,0,0.054,2772.13,,,,,,,,,,,,,,,,,,,
34723.37,,,0.055,2712.76,0,0,0,0,0,0,,,0,,34723.37,0,0,0.055,2712.76,,,,,,,,,,,,,,,,,,,
29.05,,,68.881,2.27,0,0,0,0,0,0,,,0,,29.05,0,0,68.881,2.27,,,,,,,,,,,,,,,,,,,
21.76,,,91.908,1.7,0,0,0,0,0,0,,,0,,21.76,0,0,91.908,1.7,,,,,,,,,,,,,,,,,,,
38161.02,,,0.05,2981.33,0,0,0,0,0,0,,,0,,38161.02,0,0,0.05,2981.33,,,,,,,,,,,,,,,,,,,
36023.25,,,0.053,2814.32,0,0,0,0,0,0,,,0,,36023.25,0,0,0.053,2814.32,,,,,,,,,,,,,,,,,,,
39513.35,,,0.049,3086.98,0,0,0,0,0,0,,,0,,39513.35,0,0,0.049,3086.98,,,,,,,,,,,,,,,,,,,
56.03,,,35.694,4.38,0,0,0,0,0,0,,,0,,56.03,0,0,35.694,4.38,,,,,,,,,,,,,,,,,,,
20.73,,,96.463,1.62,0,0,0,0,0,0,,,0,,20.73,0,0,96.463,1.62,,,,,,,,,,,,,,,,,,,
35733.81,,,0.054,2791.7,0,0,0,0,0,0,,,0,,35733.81,0,0,0.054,2791.7,,,,,,,,,,,,,,,,,,,
35345.06,,,0.054,2761.33,0,0,0,0,0,0,,,0,,35345.06,0,0,0.054,2761.33,,,,,,,,,,,,,,,,,,,
36727.3,,,0.053,2869.32,0,0,0,0,0,0,,,0,,36727.3,0,0,0.053,2869.32,,,,,,,,,,,,,,,,,,,
40582.19,,,0.047,3170.48,0,0,0,0,0,0,,,0,,40582.19,0,0,0.047,3170.48,,,,,,,,,,,,,,,,,,,
30964.59,,,0.065,2419.11,0,0,0,0,0,0,,,0,,30964.59,0,0,0.065,2419.11,,,,,,,,,,,,,,,,,,,
28314.09,,,0.068,2212.04,0,0,0,0,0,0,,,0,,28314.09,0,0,0.068,2212.04,,,,,,,,,,,,,,,,,,,
20.2,,,99.015,1.58,0,0,0,0,0,0,,,0,,20.2,0,0,99.015,1.58,,,,,,,,,,,,,,,,,,,
36292.77,,,0.054,2835.37,0,0,0,0,0,0,,,0,,36292.77,0,0,0.054,2835.37,,,,,,,,,,,,,,,,,,,
33.49,,,59.708,2.62,0,0,0,0,0,0,,,0,,33.49,0,0,59.708,2.62,,,,,,,,,,,,,,,,,,,
40002.8,,,0.048,3125.22,0,0,0,0,0,0,,,0,,40002.8,0,0,0.048,3125.22,,,,,,,,,,,,,,,,,,,
36184.29,,,0.053,2826.9,0,0,0,0,0,0,,,0,,36184.29,0,0,0.053,2826.9,,,,,,,,,,,,,,,,,,,
44158.4,,,0.044,3449.87,0,0,0,0,0,0,,,0,,44158.4,0,0,0.044,3449.87,,,,,,,,,,,,,,,,,,,
43162.61,,,0.045,3372.08,0,0,0,0,0,0,,,0,,43162.61,0,0,0.045,3372.08,,,,,,,,,,,,,,,,,,,
44242.89,,,0.044,3456.48,0,0,0,0,0,0,,,0,,44242.89,0,0,0.044,3456.48,,,,,,,,,,,,,,,,,,,
20.83,,,96.026,1.63,0,0,0,0,0,0,,,0,,20.83,0,0,96.026,1.63,,,,,,,,,,,,,,,,,,,
33.5,,,59.69,2.62,0,0,0,0,0,0,,,0,,33.5,0,0,59.69,2.62,,,,,,,,,,,,,,,,,,,
44420.06,,,0.043,3470.32,0,0,0,0,0,0,,,0,,44420.06,0,0,0.043,3470.32,,,,,,,,,,,,,,,,,,,
44795.94,,,0.043,3499.68,0,0,0,0,0,0,,,0,,44795.94,0,0,0.043,3499.68,,,,,,,,,,,,,,,,,,,
19.14,,,104.478,1.5,0,0,0,0,0,0,,,0,,19.14,0,0,104.478,1.5,,,,,,,,,,,,,,,,,,,
26.04,,,76.876,2.03,0,0,0,0,0,0,,,0,,26.04,0,0,76.876,2.03,,,,,,,,,,,,,,,,,,,
35837.61,,,0.053,2799.81,0,0,0,0,0,0,,,0,,35837.61,0,0,0.053,2799.81,,,,,,,,,,,,,,,,,,,
45973.74,,,0.042,3591.7,0,0,0,0,0,0,,,0,,45973.74,0,0,0.042,3591.7,,,,,,,,,,,,,,,,,,,
36567.02,,,0.052,2856.8,0,0,0,0,0,0,,,0,,36567.02,0,0,0.052,2856.8,,,,,,,,,,,,,,,,,,,
25.81,,,77.436,2.02,0,0,0,0,0,0,,,0,,25.81,0,0,77.436,2.02,,,,,,,,,,,,,,,,,,,
44126.54,,,0.044,3447.39,0,0,0,0,0,0,,,0,,44126.54,0,0,0.044,3447.39,,,,,,,,,,,,,,,,,,,
27.87,,,71.663,2.18,0,0,0,0,0,0,,,0,,27.87,0,0,71.663,2.18,,,,,,,,,,,,,,,,,,,
17,,,117.635,1.33,0,0,0,0,0,0,,,0,,17,0,0,117.635,1.33,,,,,,,,,,,,,,,,,,,
45164.98,,,0.043,3528.51,0,0,0,0,0,0,,,0,,45164.98,0,0,0.043,3528.51,,,,,,,,,,,,,,,,,,,
44489.03,,,0.043,3475.71,0,0,0,0,0,0,,,0,,44489.03,0,0,0.043,3475.71,,,,,,,,,,,,,,,,,,,
45903.78,,,0.042,3586.23,0,0,0,0,0,0,,,0,,45903.78,0,0,0.042,3586.23,,,,,,,,,,,,,,,,,,,
49850.7,,,0.039,3894.59,0,0,0,0,0,0,,,0,,49850.7,0,0,0.039,3894.59,,,,,,,,,,,,,,,,,,,
36869.01,,,0.052,2880.39,0,0,0,0,0,0,,,0,,36869.01,0,0,0.052,2880.39,,,,,,,,,,,,,,,,,,,
48995.23,,,0.039,3827.75,0,0,0,0,0,0,,,0,,48995.23,0,0,0.039,3827.75,,,,,,,,,,,,,,,,,,,
26.25,,,76.169,2.05,0,0,0,0,0,0,,,0,,26.25,0,0,76.169,2.05,,,,,,,,,,,,,,,,,,,
45570.23,,,0.042,3560.17,0,0,0,0,0,0,,,0,,45570.23,0,0,0.042,3560.17,,,,,,,,,,,,,,,,,,,
16.97,,,117.89,1.33,0,0,0,0,0,0,,,0,,16.97,0,0,117.89,1.33,,,,,,,,,,,,,,,,,,,
48505.19,,,0.04,3789.47,0,0,0,0,0,0,,,0,,48505.19,0,0,0.04,3789.47,,,,,,,,,,,,,,,,,,,
46946.37,,,0.041,3667.69,0,0,0,0,0,0,,,0,,46946.37,0,0,0.041,3667.69,,,,,,,,,,,,,,,,,,,
44086.27,,,0.044,3444.24,0,0,0,0,0,0,,,0,,44086.27,0,0,0.044,3444.24,,,,,,,,,,,,,,,,,,,
49297.39,,,0.039,3851.36,0,0,0,0,0,0,,,0,,49297.39,0,0,0.039,3851.36,,,,,,,,,,,,,,,,,,,
50060.7,,,0.038,3910.99,0,0,0,0,0,0,,,0,,50060.7,0,0,0.038,3910.99,,,,,,,,,,,,,,,,,,,
45833.61,,,0.042,3580.75,0,0,0,0,0,0,,,0,,45833.61,0,0,0.042,3580.75,,,,,,,,,,,,,,,,,,,
47466.36,,,0.04,3708.31,0,0,0,0,0,0,,,0,,47466.36,0,0,0.04,3708.31,,,,,,,,,,,,,,,,,,,
43938.76,,,0.044,3432.72,0,0,0,0,0,0,,,0,,43938.76,0,0,0.044,3432.72,,,,,,,,,,,,,,,,,,,
45222.27,,,0.043,3532.99,0,0,0,0,0,0,,,0,,45222.27,0,0,0.043,3532.99,,,,,,,,,,,,,,,,,,,
29.83,,,67,2.33,0,0,0,0,0,0,,,0,,29.83,0,0,67,2.33,,,,,,,,,,,,,,,,,,,
45310.17,,,0.042,3539.86,0,0,0,0,0,0,,,0,,45310.17,0,0,0.042,3539.86,,,,,,,,,,,,,,,,,,,
45090.44,,,0.043,3522.69,0,0,0,0,0,0,,,0,,45090.44,0,0,0.043,3522.69,,,,,,,,,,,,,,,,,,,
37328.06,,,0.051,2916.25,0,0,0,0,0,0,,,0,,37328.06,0,0,0.051,2916.25,,,,,,,,,,,,,,,,,,,
45650.32,,,0.042,3566.43,0,0,0,0,0,0,,,0,,45650.32,0,0,0.042,3566.43,,,,,,,,,,,,,,,,,,,
47812.35,,,0.04,3735.34,0,0,0,0,0,0,,,0,,47812.35,0,0,0.04,3735.34,,,,,,,,,,,,,,,,,,,
23.15,,,86.402,1.81,0,0,0,0,0,0,,,0,,23.15,0,0,86.402,1.81,,,,,,,,,,,,,,,,,,,
48490.37,,,0.04,3788.31,0,0,0,0,0,0,,,0,,48490.37,0,0,0.04,3788.31,,,,,,,,,,,,,,,,,,,
39929.4,,,0.049,3119.48,0,0,0,0,0,0,,,0,,39929.4,0,0,0.049,3119.48,,,,,,,,,,,,,,,,,,,
47578.27,,,0.04,3717.05,0,0,0,0,0,0,,,0,,47578.27,0,0,0.04,3717.05,,,,,,,,,,,,,,,,,,,
45022.23,,,0.042,3517.36,0,0,0,0,0,0,,,0,,45022.23,0,0,0.042,3517.36,,,,,,,,,,,,,,,,,,,
46302.62,,,0.042,3617.39,0,0,0,0,0,0,,,0,,46302.62,0,0,0.042,3617.39,,,,,,,,,,,,,,,,,,,
43902.97,,,0.044,3429.92,0,0,0,0,0,0,,,0,,43902.97,0,0,0.044,3429.92,,,,,,,,,,,,,,,,,,,
44835.91,,,0.043,3502.81,0,0,0,0,0,0,,,0,,44835.91,0,0,0.043,3502.81,,,,,,,,,,,,,,,,,,,
45516.41,,,0.042,3555.97,0,0,0,0,0,0,,,0,,45516.41,0,0,0.042,3555.97,,,,,,,,,,,,,,,,,,,
43453.32,,,0.044,3394.79,0,0,0,0,0,0,,,0,,43453.32,0,0,0.044,3394.79,,,,,,,,,,,,,,,,,,,
38662.06,,,0.051,3020.47,0,0,0,0,0,0,,,0,,38662.06,0,0,0.051,3020.47,,,,,,,,,,,,,,,,,,,
22.84,,,87.559,1.78,0,0,0,0,0,0,,,0,,22.84,0,0,87.559,1.78,,,,,,,,,,,,,,,,,,,
22.44,,,89.129,1.75,0,0,0,0,0,0,,,0,,22.44,0,0,89.129,1.75,,,,,,,,,,,,,,,,,,,
42481.79,,,0.045,3318.89,0,0,0,0,0,0,,,0,,42481.79,0,0,0.045,3318.89,,,,,,,,,,,,,,,,,,,
45007.23,,,0.043,3516.19,0,0,0,0,0,0,,,0,,45007.23,0,0,0.043,3516.19,,,,,,,,,,,,,,,,,,,
48015.4,,,0.04,3751.2,0,0,0,0,0,0,,,0,,48015.4,0,0,0.04,3751.2,,,,,,,,,,,,,,,,,,,
44560.5,,,0.043,3481.29,0,0,0,0,0,0,,,0,,44560.5,0,0,0.043,3481.29,,,,,,,,,,,,,,,,,,,
21.66,,,92.319,1.69,0,0,0,0,0,0,,,0,,21.66,0,0,92.319,1.69,,,,,,,,,,,,,,,,,,,
45761.98,,,0.042,3575.15,0,0,0,0,0,0,,,0,,45761.98,0,0,0.042,3575.15,,,,,,,,,,,,,,,,,,,
46710.75,,,0.041,3649.28,0,0,0,0,0,0,,,0,,46710.75,0,0,0.041,3649.28,,,,,,,,,,,,,,,,,,,
44942.1,,,0.043,3511.1,0,0,0,0,0,0,,,0,,44942.1,0,0,0.043,3511.1,,,,,,,,,,,,,,,,,,,
45845.69,,,0.042,3581.69,0,0,0,0,0,0,,,0,,45845.69,0,0,0.042,3581.69,,,,,,,,,,,,,,,,,,,
29.87,,,67.015,2.33,0,0,0,0,0,0,,,0,,29.87,0,0,67.015,2.33,,,,,,,,,,,,,,,,,,,
20.93,,,95.535,1.64,0,0,0,0,0,0,,,0,,20.93,0,0,95.535,1.64,,,,,,,,,,,,,,,,,,,
40995.7,,,0.047,3202.79,0,0,0,0,0,0,,,0,,40995.7,0,0,0.047,3202.79,,,,,,,,,,,,,,,,,,,
45436.99,,,0.042,3549.76,0,0,0,0,0,0,,,0,,45436.99,0,0,0.042,3549.76,,,,,,,,,,,,,,,,,,,
46980.23,,,0.041,3670.33,0,0,0,0,0,0,,,0,,46980.23,0,0,0.041,3670.33,,,,,,,,,,,,,,,,,,,
21.39,,,93.517,1.67,0,0,0,0,0,0,,,0,,21.39,0,0,93.517,1.67,,,,,,,,,,,,,,,,,,,
47896.85,,,0.04,3741.94,0,0,0,0,0,0,,,0,,47896.85,0,0,0.04,3741.94,,,,,,,,,,,,,,,,,,,
45138.68,,,0.043,3526.46,0,0,0,0,0,0,,,0,,45138.68,0,0,0.043,3526.46,,,,,,,,,,,,,,,,,,,
43804.13,,,0.044,3422.2,0,0,0,0,0,0,,,0,,43804.13,0,0,0.044,3422.2,,,,,,,,,,,,,,,,,,,
47920.15,,,0.04,3743.76,0,0,0,0,0,0,,,0,,47920.15,0,0,0.04,3743.76,,,,,,,,,,,,,,,,,,,
36.97,,,54.092,2.89,0,0,0,0,0,0,,,0,,36.97,0,0,54.092,2.89,,,,,,,,,,,,,,,,,,,
41295.35,,,0.047,3226.2,0,0,0,0,0,0,,,0,,41295.35,0,0,0.047,3226.2,,,,,,,,,,,,,,,,,,,
38745.12,,,0.05,3026.96,0,0,0,0,0,0,,,0,,38745.12,0,0,0.05,3026.96,,,,,,,,,,,,,,,,,,,
40856.93,,,0.048,3191.95,0,0,0,0,0,0,,,0,,40856.93,0,0,0.048,3191.95,,,,,,,,,,,,,,,,,,,
42491.17,,,0.045,3319.62,0,0,0,0,0,0,,,0,,42491.17,0,0,0.045,3319.62,,,,,,,,,,,,,,,,,,,
45006.63,,,0.043,3516.14,0,0,0,0,0,0,,,0,,45006.63,0,0,0.043,3516.14,,,,,,,,,,,,,,,,,,,
46227.38,,,0.041,3611.51,0,0,0,0,0,0,,,0,,46227.38,0,0,0.041,3611.51,,,,,,,,,,,,,,,,,,,
33718.34,,,0.057,2634.25,0,0,0,0,0,0,,,0,,33718.34,0,0,0.057,2634.25,,,,,,,,,,,,,,,,,,,
44248.47,,,0.043,3456.91,0,0,0,0,0,0,,,0,,44248.47,0,0,0.043,3456.91,,,,,,,,,,,,,,,,,,,
42430.41,,,0.046,3314.88,0,0,0,0,0,0,,,0,,42430.41,0,0,0.046,3314.88,,,,,,,,,,,,,,,,,,,
19.83,,,100.839,1.55,0,0,0,0,0,0,,,0,,19.83,0,0,100.839,1.55,,,,,,,,,,,,,,,,,,,
21.05,,,94.981,1.64,0,0,0,0,0,0,,,0,,21.05,0,0,94.981,1.64,,,,,,,,,,,,,,,,,,,
44202.22,,,0.043,3453.3,0,0,0,0,0,0,,,0,,44202.22,0,0,0.043,3453.3,,,,,,,,,,,,,,,,,,,
21,,,95.233,1.64,0,0,0,0,0,0,,,0,,21,0,0,95.233,1.64,,,,,,,,,,,,,,,,,,,
41986.99,,,0.046,3280.23,0,0,0,0,0,0,,,0,,41986.99,0,0,0.046,3280.23,,,,,,,,,,,,,,,,,,,
46327.18,,,0.042,3619.31,0,0,0,0,0,0,,,0,,46327.18,0,0,0.042,3619.31,,,,,,,,,,,,,,,,,,,
45221.55,,,0.043,3532.93,0,0,0,0,0,0,,,0,,45221.55,0,0,0.043,3532.93,,,,,,,,,,,,,,,,,,,
36788.24,,,0.052,2874.08,0,0,0,0,0,0,,,0,,36788.24,0,0,0.052,2874.08,,,,,,,,,,,,,,,,,,,
36.31,,,55.082,2.84,0,0,0,0,0,0,,,0,,36.31,0,0,55.082,2.84,,,,,,,,,,,,,,,,,,,
32772.65,,,0.059,2560.36,0,0,0,0,0,0,,,0,,32772.65,0,0,0.059,2560.36,,,,,,,,,,,,,,,,,,,
46462.36,,,0.041,3629.87,0,0,0,0,0,0,,,0,,46462.36,0,0,0.041,3629.87,,,,,,,,,,,,,,,,,,,
41552.4,,,0.046,3246.28,0,0,0,0,0,0,,,0,,41552.4,0,0,0.046,3246.28,,,,,,,,,,,,,,,,,,,
44275.12,,,0.044,3458.99,0,0,0,0,0,0,,,0,,44275.12,0,0,0.044,3458.99,,,,,,,,,,,,,,,,,,,
37884.53,,,0.051,2959.73,0,0,0,0,0,0,,,0,,37884.53,0,0,0.051,2959.73,,,,,,,,,,,,,,,,,,,
31.59,,,63.277,2.47,0,0,0,0,0,0,,,0,,31.59,0,0,63.277,2.47,,,,,,,,,,,,,,,,,,,
30.34,,,65.731,2.37,0,0,0,0,0,0,,,0,,30.34,0,0,65.731,2.37,,,,,,,,,,,,,,,,,,,
48359.64,,,0.04,3778.1,0,0,0,0,0,0,,,0,,48359.64,0,0,0.04,3778.1,,,,,,,,,,,,,,,,,,,
18.32,,,109.172,1.43,0,0,0,0,0,0,,,0,,18.32,0,0,109.172,1.43,,,,,,,,,,,,,,,,,,,
23.92,,,83.467,1.87,0,0,0,0,0,0,,,0,,23.92,0,0,83.467,1.87,,,,,,,,,,,,,,,,,,,
36398.51,,,0.052,2843.63,0,0,0,0,0,0,,,0,,36398.51,0,0,0.052,2843.63,,,,,,,,,,,,,,,,,,,
44855.82,,,0.043,3504.36,0,0,0,0,0,0,,,0,,44855.82,0,0,0.043,3504.36,,,,,,,,,,,,,,,,,,,
45363.51,,,0.042,3544.02,0,0,0,0,0,0,,,0,,45363.51,0,0,0.042,3544.02,,,,,,,,,,,,,,,,,,,
43971.7,,,0.044,3435.29,0,0,0,0,0,0,,,0,,43971.7,0,0,0.044,3435.29,,,,,,,,,,,,,,,,,,,
44954.53,,,0.043,3512.07,0,0,0,0,0,0,,,0,,44954.53,0,0,0.043,3512.07,,,,,,,,,,,,,,,,,,,
46942.63,,,0.041,3667.39,0,0,0,0,0,0,,,0,,46942.63,0,0,0.041,3667.39,,,,,,,,,,,,,,,,,,,
48029.12,,,0.04,3752.28,0,0,0,0,0,0,,,0,,48029.12,0,0,0.04,3752.28,,,,,,,,,,,,,,,,,,,
19.54,,,102.334,1.53,0,0,0,0,0,0,,,0,,19.54,0,0,102.334,1.53,,,,,,,,,,,,,,,,,,,
45741.99,,,0.042,3573.59,0,0,0,0,0,0,,,0,,45741.99,0,0,0.042,3573.59,,,,,,,,,,,,,,,,,,,
20.03,,,99.822,1.57,0,0,0,0,0,0,,,0,,20.03,0,0,99.822,1.57,,,,,,,,,,,,,,,,,,,
33685.17,,,0.058,2631.65,0,0,0,0,0,0,,,0,,33685.17,0,0,0.058,2631.65,,,,,,,,,,,,,,,,,,,
43388.37,,,0.044,3389.72,0,0,0,0,0,0,,,0,,43388.37,0,0,0.044,3389.72,,,,,,,,,,,,,,,,,,,
45028.11,,,0.043,3517.82,0,0,0,0,0,0,,,0,,45028.11,0,0,0.043,3517.82,,,,,,,,,,,,,,,,,,,
43897.19,,,0.044,3429.47,0,0,0,0,0,0,,,0,,43897.19,0,0,0.044,3429.47,,,,,,,,,,,,,,,,,,,
20.24,,,98.797,1.58,0,0,0,0,0,0,,,0,,20.24,0,0,98.797,1.58,,,,,,,,,,,,,,,,,,,
43781.02,,,0.044,3420.39,0,0,0,0,0,0,,,0,,43781.02,0,0,0.044,3420.39,,,,,,,,,,,,,,,,,,,
42144.39,,,0.046,3292.53,0,0,0,0,0,0,,,0,,42144.39,0,0,0.046,3292.53,,,,,,,,,,,,,,,,,,,
41482.5,,,0.046,3240.82,0,0,0,0,0,0,,,0,,41482.5,0,0,0.046,3240.82,,,,,,,,,,,,,,,,,,,
33.27,,,59.863,2.6,0,0,0,0,0,0,,,0,,33.27,0,0,59.863,2.6,,,,,,,,,,,,,,,,,,,
45694.02,,,0.042,3569.85,0,0,0,0,0,0,,,0,,45694.02,0,0,0.042,3569.85,,,,,,,,,,,,,,,,,,,
28.58,,,70.133,2.23,0,0,0,0,0,0,,,0,,28.58,0,0,70.133,2.23,,,,,,,,,,,,,,,,,,,
46541.5,,,0.041,3636.05,0,0,0,0,0,0,,,0,,46541.5,0,0,0.041,3636.05,,,,,,,,,,,,,,,,,,,
19.78,,,101.118,1.55,0,0,0,0,0,0,,,0,,19.78,0,0,101.118,1.55,,,,,,,,,,,,,,,,,,,
27.72,,,72.398,2.17,0,0,0,0,0,0,,,0,,27.72,0,0,72.398,2.17,,,,,,,,,,,,,,,,,,,
32.55,,,61.562,2.54,0,0,0,0,0,0,,,0,,32.55,0,0,61.562,2.54,,,,,,,,,,,,,,,,,,,
36494.09,,,0.052,2851.1,0,0,0,0,0,0,,,0,,36494.09,0,0,0.052,2851.1,,,,,,,,,,,,,,,,,,,
45527.39,,,0.042,3556.83,0,0,0,0,0,0,,,0,,45527.39,0,0,0.042,3556.83,,,,,,,,,,,,,,,,,,,
44211.4,,,0.043,3454.02,0,0,0,0,0,0,,,0,,44211.4,0,0,0.043,3454.02,,,,,,,,,,,,,,,,,,,
30.51,,,65.459,2.38,0,0,0,0,0,0,,,0,,30.51,0,0,65.459,2.38,,,,,,,,,,,,,,,,,,,
44972.42,,,0.043,3513.47,0,0,0,0,0,0,,,0,,44972.42,0,0,0.043,3513.47,,,,,,,,,,,,,,,,,,,
20.37,,,98.189,1.59,0,0,0,0,0,0,,,0,,20.37,0,0,98.189,1.59,,,,,,,,,,,,,,,,,,,
41717.6,,,0.046,3259.19,0,0,0,0,0,0,,,0,,41717.6,0,0,0.046,3259.19,,,,,,,,,,,,,,,,,,,
46332.23,,,0.041,3619.71,0,0,0,0,0,0,,,0,,46332.23,0,0,0.041,3619.71,,,,,,,,,,,,,,,,,,,
48755.28,,,0.039,3809.01,0,0,0,0,0,0,,,0,,48755.28,0,0,0.039,3809.01,,,,,,,,,,,,,,,,,,,
18.63,,,107.318,1.46,0,0,0,0,0,0,,,0,,18.63,0,0,107.318,1.46,,,,,,,,,,,,,,,,,,,
43383.95,,,0.044,3389.37,0,0,0,0,0,0,,,0,,43383.95,0,0,0.044,3389.37,,,,,,,,,,,,,,,,,,,
42955.23,,,0.045,3355.88,0,0,0,0,0,0,,,0,,42955.23,0,0,0.045,3355.88,,,,,,,,,,,,,,,,,,,
46626.68,,,0.041,3642.71,0,0,0,0,0,0,,,0,,46626.68,0,0,0.041,3642.71,,,,,,,,,,,,,,,,,,,
38371.59,,,0.05,2997.78,0,0,0,0,0,0,,,0,,38371.59,0,0,0.05,2997.78,,,,,,,,,,,,,,,,,,,
54242.14,,,0.035,4237.67,0,0,0,0,0,0,,,0,,54242.14,0,0,0.035,4237.67,,,,,,,,,,,,,,,,,,,
28.12,,,71.118,2.2,0,0,0,0,0,0,,,0,,28.12,0,0,71.118,2.2,,,,,,,,,,,,,,,,,,,
43036.85,,,0.045,3362.25,0,0,0,0,0,0,,,0,,43036.85,0,0,0.045,3362.25,,,,,,,,,,,,,,,,,,,
28.39,,,70.352,2.22,0,0,0,0,0,0,,,0,,28.39,0,0,70.352,2.22,,,,,,,,,,,,,,,,,,,
17.76,,,112.62,1.39,0,0,0,0,0,0,,,0,,17.76,0,0,112.62,1.39,,,,,,,,,,,,,,,,,,,
17.91,,,111.686,1.4,0,0,0,0,0,0,,,0,,17.91,0,0,111.686,1.4,,,,,,,,,,,,,,,,,,,
41787.41,,,0.046,3264.64,0,0,0,0,0,0,,,0,,41787.41,0,0,0.046,3264.64,,,,,,,,,,,,,,,,,,,
43912.23,,,0.044,3430.64,0,0,0,0,0,0,,,0,,43912.23,0,0,0.044,3430.64,,,,,,,,,,,,,,,,,,,
41976.59,,,0.046,3279.42,0,0,0,0,0,0,,,0,,41976.59,0,0,0.046,3279.42,,,,,,,,,,,,,,,,,,,
41795.71,,,0.046,3265.29,0,0,0,0,0,0,,,0,,41795.71,0,0,0.046,3265.29,,,,,,,,,,,,,,,,,,,
48482.26,,,0.04,3787.68,0,0,0,0,0,0,,,0,,48482.26,0,0,0.04,3787.68,,,,,,,,,,,,,,,,,,,
67.66,,,29.557,5.29,0,0,0,0,0,0,,,0,,67.66,0,0,29.557,5.29,,,,,,,,,,,,,,,,,,,
44728.82,,,0.043,3494.44,0,0,0,0,0,0,,,0,,44728.82,0,0,0.043,3494.44,,,,,,,,,,,,,,,,,,,
48476.15,,,0.04,3787.2,0,0,0,0,0,0,,,0,,48476.15,0,0,0.04,3787.2,,,,,,,,,,,,,,,,,,,
33.5,,,59.309,2.62,0,0,0,0,0,0,,,0,,33.5,0,0,59.309,2.62,,,,,,,,,,,,,,,,,,,
38610.63,,,0.049,3016.46,0,0,0,0,0,0,,,0,,38610.63,0,0,0.049,3016.46,,,,,,,,,,,,,,,,,,,
35110.7,,,0.055,2743.02,0,0,0,0,0,0,,,0,,35110.7,0,0,0.055,2743.02,,,,,,,,,,,,,,,,,,,
42716.24,,,0.045,3337.21,0,0,0,0,0,0,,,0,,42716.24,0,0,0.045,3337.21,,,,,,,,,,,,,,,,,,,
21.38,,,93.562,1.67,0,0,0,0,0,0,,,0,,21.38,0,0,93.562,1.67,,,,,,,,,,,,,,,,,,,
19.82,,,100.882,1.55,0,0,0,0,0,0,,,0,,19.82,0,0,100.882,1.55,,,,,,,,,,,,,,,,,,,
40187.68,,,0.049,3139.66,0,0,0,0,0,0,,,0,,40187.68,0,0,0.049,3139.66,,,,,,,,,,,,,,,,,,,
45362.99,,,0.042,3543.98,0,0,0,0,0,0,,,0,,45362.99,0,0,0.042,3543.98,,,,,,,,,,,,,,,,,,,
39747.29,,,0.049,3105.26,0,0,0,0,0,0,,,0,,39747.29,0,0,0.049,3105.26,,,,,,,,,,,,,,,,,,,
27.8,,,71.98,2.17,0,0,0,0,0,0,,,0,,27.8,0,0,71.98,2.17,,,,,,,,,,,,,,,,,,,
46764.7,,,0.041,3653.49,0,0,0,0,0,0,,,0,,46764.7,0,0,0.041,3653.49,,,,,,,,,,,,,,,,,,,
17.72,,,112.838,1.38,0,0,0,0,0,0,,,0,,17.72,0,0,112.838,1.38,,,,,,,,,,,,,,,,,,,
45578.12,,,0.042,3560.79,0,0,0,0,0,0,,,0,,45578.12,0,0,0.042,3560.79,,,,,,,,,,,,,,,,,,,
36673.16,,,0.052,2865.09,0,0,0,0,0,0,,,0,,36673.16,0,0,0.052,2865.09,,,,,,,,,,,,,,,,,,,
36.97,,,54.096,2.89,0,0,0,0,0,0,,,0,,36.97,0,0,54.096,2.89,,,,,,,,,,,,,,,,,,,
17.56,,,113.862,1.37,0,0,0,0,0,0,,,0,,17.56,0,0,113.862,1.37,,,,,,,,,,,,,,,,,,,
26.83,,,74.614,2.1,0,0,0,0,0,0,,,0,,26.83,0,0,74.614,2.1,,,,,,,,,,,,,,,,,,,
41044.58,,,0.047,3206.61,0,0,0,0,0,0,,,0,,41044.58,0,0,0.047,3206.61,,,,,,,,,,,,,,,,,,,
44044.81,,,0.044,3441,0,0,0,0,0,0,,,0,,44044.81,0,0,0.044,3441,,,,,,,,,,,,,,,,,,,
47818.86,,,0.04,3735.85,0,0,0,0,0,0,,,0,,47818.86,0,0,0.04,3735.85,,,,,,,,,,,,,,,,,,,
16.88,,,118.452,1.32,0,0,0,0,0,0,,,0,,16.88,0,0,118.452,1.32,,,,,,,,,,,,,,,,,,,
42896.36,,,0.045,3351.28,0,0,0,0,0,0,,,0,,42896.36,0,0,0.045,3351.28,,,,,,,,,,,,,,,,,,,
17.04,,,117.366,1.33,0,0,0,0,0,0,,,0,,17.04,0,0,117.366,1.33,,,,,,,,,,,,,,,,,,,
47388.54,,,0.04,3702.23,0,0,0,0,0,0,,,0,,47388.54,0,0,0.04,3702.23,,,,,,,,,,,,,,,,,,,
46836.1,,,0.041,3659.07,0,0,0,0,0,0,,,0,,46836.1,0,0,0.041,3659.07,,,,,,,,,,,,,,,,,,,
17.17,,,116.491,1.34,0,0,0,0,0,0,,,0,,17.17,0,0,116.491,1.34,,,,,,,,,,,,,,,,,,,
25.14,,,79.53,1.96,0,0,0,0,0,0,,,0,,25.14,0,0,79.53,1.96,,,,,,,,,,,,,,,,,,,
17.41,,,114.839,1.36,0,0,0,0,0,0,,,0,,17.41,0,0,114.839,1.36,,,,,,,,,,,,,,,,,,,
44368.52,,,0.043,3466.29,0,0,0,0,0,0,,,0,,44368.52,0,0,0.043,3466.29,,,,,,,,,,,,,,,,,,,
34018,,,0.056,2657.66,0,0,0,0,0,0,,,0,,34018,0,0,0.056,2657.66,,,,,,,,,,,,,,,,,,,
39915.38,,,0.049,3118.39,0,0,0,0,0,0,,,0,,39915.38,0,0,0.049,3118.39,,,,,,,,,,,,,,,,,,,
17.73,,,112.795,1.39,0,0,0,0,0,0,,,0,,17.73,0,0,112.795,1.39,,,,,,,,,,,,,,,,,,,
35379.26,,,0.055,2764,0,0,0,0,0,0,,,0,,35379.26,0,0,0.055,2764,,,,,,,,,,,,,,,,,,,
39043.51,,,0.049,3050.27,0,0,0,0,0,0,,,0,,39043.51,0,0,0.049,3050.27,,,,,,,,,,,,,,,,,,,
18.21,,,109.797,1.42,0,0,0,0,0,0,,,0,,18.21,0,0,109.797,1.42,,,,,,,,,,,,,,,,,,,
42398.12,,,0.046,3312.35,0,0,0,0,0,0,,,0,,42398.12,0,0,0.046,3312.35,,,,,,,,,,,,,,,,,,,
35025.78,,,0.055,2736.39,0,0,0,0,0,0,,,0,,35025.78,0,0,0.055,2736.39,,,,,,,,,,,,,,,,,,,
30.39,,,65.803,2.37,0,0,0,0,0,0,,,0,,30.39,0,0,65.803,2.37,,,,,,,,,,,,,,,,,,,
44549.38,,,0.043,3480.42,0,0,0,0,0,0,,,0,,44549.38,0,0,0.043,3480.42,,,,,,,,,,,,,,,,,,,
43674.8,,,0.044,3412.09,0,0,0,0,0,0,,,0,,43674.8,0,0,0.044,3412.09,,,,,,,,,,,,,,,,,,,
46360.47,,,0.041,3621.91,0,0,0,0,0,0,,,0,,46360.47,0,0,0.041,3621.91,,,,,,,,,,,,,,,,,,,
17.54,,,114.055,1.37,0,0,0,0,0,0,,,0,,17.54,0,0,114.055,1.37,,,,,,,,,,,,,,,,,,,
17.38,,,115.086,1.36,0,0,0,0,0,0,,,0,,17.38,0,0,115.086,1.36,,,,,,,,,,,,,,,,,,,
45708.96,,,0.042,3571.01,0,0,0,0,0,0,,,0,,45708.96,0,0,0.042,3571.01,,,,,,,,,,,,,,,,,,,
17.78,,,112.462,1.39,0,0,0,0,0,0,,,0,,17.78,0,0,112.462,1.39,,,,,,,,,,,,,,,,,,,
24.51,,,81.62,1.91,0,0,0,0,0,0,,,0,,24.51,0,0,81.62,1.91,,,,,,,,,,,,,,,,,,,
46406.62,,,0.041,3625.52,0,0,0,0,0,0,,,0,,46406.62,0,0,0.041,3625.52,,,,,,,,,,,,,,,,,,,
45633.24,,,0.042,3565.1,0,0,0,0,0,0,,,0,,45633.24,0,0,0.042,3565.1,,,,,,,,,,,,,,,,,,,
44515.77,,,0.043,3477.79,0,0,0,0,0,0,,,0,,44515.77,0,0,0.043,3477.79,,,,,,,,,,,,,,,,,,,
47094.73,,,0.041,3679.28,0,0,0,0,0,0,,,0,,47094.73,0,0,0.041,3679.28,,,,,,,,,,,,,,,,,,,
26.71,,,74.907,2.09,0,0,0,0,0,0,,,0,,26.71,0,0,74.907,2.09,,,,,,,,,,,,,,,,,,,
45311.61,,,0.042,3539.97,0,0,0,0,0,0,,,0,,45311.61,0,0,0.042,3539.97,,,,,,,,,,,,,,,,,,,
41102.87,,,0.047,3211.16,0,0,0,0,0,0,,,0,,41102.87,0,0,0.047,3211.16,,,,,,,,,,,,,,,,,,,
18.06,,,110.702,1.41,0,0,0,0,0,0,,,0,,18.06,0,0,110.702,1.41,,,,,,,,,,,,,,,,,,,
17.99,,,111.192,1.41,0,0,0,0,0,0,,,0,,17.99,0,0,111.192,1.41,,,,,,,,,,,,,,,,,,,
50943.47,,,0.038,3979.96,0,0,0,0,0,0,,,0,,50943.47,0,0,0.038,3979.96,,,,,,,,,,,,,,,,,,,
48088.14,,,0.04,3756.89,0,0,0,0,0,0,,,0,,48088.14,0,0,0.04,3756.89,,,,,,,,,,,,,,,,,,,
45656.16,,,0.042,3566.89,0,0,0,0,0,0,,,0,,45656.16,0,0,0.042,3566.89,,,,,,,,,,,,,,,,,,,
47979.69,,,0.04,3748.41,0,0,0,0,0,0,,,0,,47979.69,0,0,0.04,3748.41,,,,,,,,,,,,,,,,,,,
17.49,,,114.369,1.37,0,0,0,0,0,0,,,0,,17.49,0,0,114.369,1.37,,,,,,,,,,,,,,,,,,,
46659.85,,,0.041,3645.3,0,0,0,0,0,0,,,0,,46659.85,0,0,0.041,3645.3,,,,,,,,,,,,,,,,,,,
31.13,,,64.281,2.43,0,0,0,0,0,0,,,0,,31.13,0,0,64.281,2.43,,,,,,,,,,,,,,,,,,,
38924.74,,,0.049,3041,0,0,0,0,0,0,,,0,,38924.74,0,0,0.049,3041,,,,,,,,,,,,,,,,,,,
44045.01,,,0.044,3441.02,0,0,0,0,0,0,,,0,,44045.01,0,0,0.044,3441.02,,,,,,,,,,,,,,,,,,,
44186.69,,,0.044,3452.09,0,0,0,0,0,0,,,0,,44186.69,0,0,0.044,3452.09,,,,,,,,,,,,,,,,,,,
24.19,,,82.66,1.89,0,0,0,0,0,0,,,0,,24.19,0,0,82.66,1.89,,,,,,,,,,,,,,,,,,,
44961,,,0.043,3512.58,0,0,0,0,0,0,,,0,,44961,0,0,0.043,3512.58,,,,,,,,,,,,,,,,,,,
48248.23,,,0.04,3769.39,0,0,0,0,0,0,,,0,,48248.23,0,0,0.04,3769.39,,,,,,,,,,,,,,,,,,,
43496.7,,,0.044,3398.18,0,0,0,0,0,0,,,0,,43496.7,0,0,0.044,3398.18,,,,,,,,,,,,,,,,,,,
32.14,,,62.548,2.51,0,0,0,0,0,0,,,0,,32.14,0,0,62.548,2.51,,,,,,,,,,,,,,,,,,,
47061.37,,,0.041,3676.67,0,0,0,0,0,0,,,0,,47061.37,0,0,0.041,3676.67,,,,,,,,,,,,,,,,,,,
45330.61,,,0.043,3541.45,0,0,0,0,0,0,,,0,,45330.61,0,0,0.043,3541.45,,,,,,,,,,,,,,,,,,,
40031.79,,,0.049,3127.48,0,0,0,0,0,0,,,0,,40031.79,0,0,0.049,3127.48,,,,,,,,,,,,,,,,,,,
45048.9,,,0.043,3519.45,0,0,0,0,0,0,,,0,,45048.9,0,0,0.043,3519.45,,,,,,,,,,,,,,,,,,,
18.08,,,110.592,1.41,0,0,0,0,0,0,,,0,,18.08,0,0,110.592,1.41,,,,,,,,,,,,,,,,,,,
46481.25,,,0.041,3631.35,0,0,0,0,0,0,,,0,,46481.25,0,0,0.041,3631.35,,,,,,,,,,,,,,,,,,,
43095.46,,,0.044,3366.83,0,0,0,0,0,0,,,0,,43095.46,0,0,0.044,3366.83,,,,,,,,,,,,,,,,,,,
45548.85,,,0.042,3558.5,0,0,0,0,0,0,,,0,,45548.85,0,0,0.042,3558.5,,,,,,,,,,,,,,,,,,,
43919.27,,,0.044,3431.19,0,0,0,0,0,0,,,0,,43919.27,0,0,0.044,3431.19,,,,,,,,,,,,,,,,,,,
46086.88,,,0.042,3600.54,0,0,0,0,0,0,,,0,,46086.88,0,0,0.042,3600.54,,,,,,,,,,,,,,,,,,,
27.41,,,73.409,2.14,0,0,0,0,0,0,,,0,,27.41,0,0,73.409,2.14,,,,,,,,,,,,,,,,,,,
46447.25,,,0.041,3628.69,0,0,0,0,0,0,,,0,,46447.25,0,0,0.041,3628.69,,,,,,,,,,,,,,,,,,,
45457.23,,,0.042,3551.35,0,0,0,0,0,0,,,0,,45457.23,0,0,0.042,3551.35,,,,,,,,,,,,,,,,,,,
46130.78,,,0.042,3603.97,0,0,0,0,0,0,,,0,,46130.78,0,0,0.042,3603.97,,,,,,,,,,,,,,,,,,,
36588.96,,,0.052,2858.51,0,0,0,0,0,0,,,0,,36588.96,0,0,0.052,2858.51,,,,,,,,,,,,,,,,,,,
46587.58,,,0.041,3639.65,0,0,0,0,0,0,,,0,,46587.58,0,0,0.041,3639.65,,,,,,,,,,,,,,,,,,,
44255.62,,,0.044,3457.47,0,0,0,0,0,0,,,0,,44255.62,0,0,0.044,3457.47,,,,,,,,,,,,,,,,,,,
17.84,,,112.068,1.39,0,0,0,0,0,0,,,0,,17.84,0,0,112.068,1.39,,,,,,,,,,,,,,,,,,,
18.31,,,109.211,1.43,0,0,0,0,0,0,,,0,,18.31,0,0,109.211,1.43,,,,,,,,,,,,,,,,,,,
46841.04,,,0.041,3659.46,0,0,0,0,0,0,,,0,,46841.04,0,0,0.041,3659.46,,,,,,,,,,,,,,,,,,,
17.89,,,111.8,1.4,0,0,0,0,0,0,,,0,,17.89,0,0,111.8,1.4,,,,,,,,,,,,,,,,,,,
40334.13,,,0.048,3151.1,0,0,0,0,0,0,,,0,,40334.13,0,0,0.048,3151.1,,,,,,,,,,,,,,,,,,,
39904.63,,,0.048,3117.55,0,0,0,0,0,0,,,0,,39904.63,0,0,0.048,3117.55,,,,,,,,,,,,,,,,,,,
24.1,,,83.018,1.88,0,0,0,0,0,0,,,0,,24.1,0,0,83.018,1.88,,,,,,,,,,,,,,,,,,,
47081.87,,,0.041,3678.27,0,0,0,0,0,0,,,0,,47081.87,0,0,0.041,3678.27,,,,,,,,,,,,,,,,,,,
44044.33,,,0.044,3440.96,0,0,0,0,0,0,,,0,,44044.33,0,0,0.044,3440.96,,,,,,,,,,,,,,,,,,,
45932.35,,,0.042,3588.46,0,0,0,0,0,0,,,0,,45932.35,0,0,0.042,3588.46,,,,,,,,,,,,,,,,,,,
47324.17,,,0.041,3697.2,0,0,0,0,0,0,,,0,,47324.17,0,0,0.041,3697.2,,,,,,,,,,,,,,,,,,,
47257.42,,,0.041,3691.99,0,0,0,0,0,0,,,0,,47257.42,0,0,0.041,3691.99,,,,,,,,,,,,,,,,,,,
40224.78,,,0.048,3142.56,0,0,0,0,0,0,,,0,,40224.78,0,0,0.048,3142.56,,,,,,,,,,,,,,,,,,,
49148.86,,,0.039,3839.76,0,0,0,0,0,0,,,0,,49148.86,0,0,0.039,3839.76,,,,,,,,,,,,,,,,,,,
43019.17,,,0.045,3360.87,0,0,0,0,0,0,,,0,,43019.17,0,0,0.045,3360.87,,,,,,,,,,,,,,,,,,,
44401.72,,,0.043,3468.88,0,0,0,0,0,0,,,0,,44401.72,0,0,0.043,3468.88,,,,,,,,,,,,,,,,,,,
46508.6,,,0.042,3633.48,0,0,0,0,0,0,,,0,,46508.6,0,0,0.042,3633.48,,,,,,,,,,,,,,,,,,,
45002.58,,,0.043,3515.83,0,0,0,0,0,0,,,0,,45002.58,0,0,0.043,3515.83,,,,,,,,,,,,,,,,,,,
43932.87,,,0.044,3432.26,0,0,0,0,0,0,,,0,,43932.87,0,0,0.044,3432.26,,,,,,,,,,,,,,,,,,,
17.96,,,111.381,1.4,0,0,0,0,0,0,,,0,,17.96,0,0,111.381,1.4,,,,,,,,,,,,,,,,,,,
30.15,,,66.423,2.36,0,0,0,0,0,0,,,0,,30.15,0,0,66.423,2.36,,,,,,,,,,,,,,,,,,,
44669.78,,,0.043,3489.83,0,0,0,0,0,0,,,0,,44669.78,0,0,0.043,3489.83,,,,,,,,,,,,,,,,,,,
45185.79,,,0.043,3530.14,0,0,0,0,0,0,,,0,,45185.79,0,0,0.043,3530.14,,,,,,,,,,,,,,,,,,,
41482.07,,,0.045,3240.79,0,0,0,0,0,0,,,0,,41482.07,0,0,0.045,3240.79,,,,,,,,,,,,,,,,,,,
19.09,,,104.779,1.49,0,0,0,0,0,0,,,0,,19.09,0,0,104.779,1.49,,,,,,,,,,,,,,,,,,,
18.66,,,107.162,1.46,0,0,0,0,0,0,,,0,,18.66,0,0,107.162,1.46,,,,,,,,,,,,,,,,,,,
56.16,,,35.608,4.39,0,0,0,0,0,0,,,0,,56.16,0,0,35.608,4.39,,,,,,,,,,,,,,,,,,,
39341.19,,,0.049,3073.53,0,0,0,0,0,0,,,0,,39341.19,0,0,0.049,3073.53,,,,,,,,,,,,,,,,,,,
25.84,,,77.441,2.02,0,0,0,0,0,0,,,0,,25.84,0,0,77.441,2.02,,,,,,,,,,,,,,,,,,,
45994.56,,,0.042,3593.33,0,0,0,0,0,0,,,0,,45994.56,0,0,0.042,3593.33,,,,,,,,,,,,,,,,,,,
46905.2,,,0.041,3664.47,0,0,0,0,0,0,,,0,,46905.2,0,0,0.041,3664.47,,,,,,,,,,,,,,,,,,,
43482.89,,,0.044,3397.1,0,0,0,0,0,0,,,0,,43482.89,0,0,0.044,3397.1,,,,,,,,,,,,,,,,,,,
56.12,,,35.637,4.38,0,0,0,0,0,0,,,0,,56.12,0,0,35.637,4.38,,,,,,,,,,,,,,,,,,,
42731.85,,,0.046,3338.43,0,0,0,0,0,0,,,0,,42731.85,0,0,0.046,3338.43,,,,,,,,,,,,,,,,,,,
43885.54,,,0.044,3428.56,0,0,0,0,0,0,,,0,,43885.54,0,0,0.044,3428.56,,,,,,,,,,,,,,,,,,,
48204.39,,,0.04,3765.97,0,0,0,0,0,0,,,0,,48204.39,0,0,0.04,3765.97,,,,,,,,,,,,,,,,,,,
45077.23,,,0.042,3521.66,0,0,0,0,0,0,,,0,,45077.23,0,0,0.042,3521.66,,,,,,,,,,,,,,,,,,,
48839.33,,,0.039,3815.57,0,0,0,0,0,0,,,0,,48839.33,0,0,0.039,3815.57,,,,,,,,,,,,,,,,,,,
44161.32,,,0.044,3450.1,0,0,0,0,0,0,,,0,,44161.32,0,0,0.044,3450.1,,,,,,,,,,,,,,,,,,,
44840.84,,,0.043,3503.19,0,0,0,0,0,0,,,0,,44840.84,0,0,0.043,3503.19,,,,,,,,,,,,,,,,,,,
44254.74,,,0.043,3457.4,0,0,0,0,0,0,,,0,,44254.74,0,0,0.043,3457.4,,,,,,,,,,,,,,,,,,,
35386.89,,,0.054,2764.6,0,0,0,0,0,0,,,0,,35386.89,0,0,0.054,2764.6,,,,,,,,,,,,,,,,,,,
44235.75,,,0.043,3455.92,0,0,0,0,0,0,,,0,,44235.75,0,0,0.043,3455.92,,,,,,,,,,,,,,,,,,,
44972.83,,,0.043,3513.5,0,0,0,0,0,0,,,0,,44972.83,0,0,0.043,3513.5,,,,,,,,,,,,,,,,,,,
18.48,,,108.204,1.44,0,0,0,0,0,0,,,0,,18.48,0,0,108.204,1.44,,,,,,,,,,,,,,,,,,,
48768.59,,,0.04,3810.05,0,0,0,0,0,0,,,0,,48768.59,0,0,0.04,3810.05,,,,,,,,,,,,,,,,,,,