redis_version,redis_git_sha1,redis_git_dirty,redis_build_id,redis_mode,os,arch_bits,multiplexing_api,atomicvar_api,gcc_version,process_id,run_id,tcp_port,uptime_in_seconds,uptime_in_days,hz,configured_hz,lru_clock,executable,config_file,connected_clients,client_recent_max_input_buffer,client_recent_max_output_buffer,blocked_clients,used_memory,used_memory_human,used_memory_rss,used_memory_rss_human,used_memory_peak,used_memory_peak_human,used_memory_peak_perc,used_memory_overhead,used_memory_startup,used_memory_dataset,used_memory_dataset_perc,allocator_allocated,allocator_active,allocator_resident,total_system_memory,total_system_memory_human,used_memory_lua,used_memory_lua_human,used_memory_scripts,used_memory_scripts_human,number_of_cached_scripts,maxmemory,maxmemory_human,maxmemory_policy,allocator_frag_ratio,allocator_frag_bytes,allocator_rss_ratio,allocator_rss_bytes,rss_overhead_ratio,rss_overhead_bytes,mem_fragmentation_ratio,mem_fragmentation_bytes,mem_not_counted_for_evict,mem_replication_backlog,mem_clients_slaves,mem_clients_normal,mem_aof_buffer,mem_allocator,active_defrag_running,lazyfree_pending_objects,loading,rdb_changes_since_last_save,rdb_bgsave_in_progress,rdb_last_save_time,rdb_last_bgsave_status,rdb_last_bgsave_time_sec,rdb_current_bgsave_time_sec,rdb_last_cow_size,aof_enabled,aof_rewrite_in_progress,aof_rewrite_scheduled,aof_last_rewrite_time_sec,aof_current_rewrite_time_sec,aof_last_bgrewrite_status,aof_last_write_status,aof_last_cow_size,total_connections_received,total_commands_processed,instantaneous_ops_per_sec,total_net_input_bytes,total_net_output_bytes,instantaneous_input_kbps,instantaneous_output_kbps,rejected_connections,sync_full,sync_partial_ok,sync_partial_err,expired_keys,expired_stale_perc,expired_time_cap_reached_count,evicted_keys,keyspace_hits,keyspace_misses,pubsub_channels,pubsub_patterns,latest_fork_usec,migrate_cached_sockets,slave_expires_tracked_keys,active_defrag_hits,active_defrag_misses,active_defrag_key_hits,active_defrag_key_misses,role,connected_slaves,master_replid,master_replid2,master_repl_offset,second_repl_offset,repl_backlog_active,repl_backlog_size,repl_backlog_first_byte_offset,repl_backlog_histlen,used_cpu_sys,used_cpu_user,used_cpu_sys_children,used_cpu_user_children,cluster_enabled,db0:keys,expires,avg_ttl
6.2.1,0,0,c91470f75d7c181b,standalone,Linux 3.10.0-957.27.2.el7.x86_64 x86_64,64,epoll,atomic-builtin,4.8.5,9766,315397c2a7901f878534c62f4e38246b1c48fccd,6379,22,0,7,7,3505752,/home/swredis/redis-sample-generation/redis-server,/home/swredis/redis-sample-generation/configfile/config10001.conf,1,32,0,0,38644392,36.85,42033152,40.09,38704616,36.91,99.84,12615400,531608,26028992,68.29,38658192,38932480,42209280,58986446848,54.94,37888,37,0,0,0,2831155200,2.64,volatile-lru,1.01,274288,1.08,3276800,1,-176128,1.09,3410544,0,0,0,0,0,jemalloc-5.1.0,0,0,0,500000,0,1630895682,ok,-1,-1,0,0,0,0,-1,-1,ok,ok,0,3,1000000,48885,71500014,5048972,3413.37,242.5,0,0,0,0,0,0,0,0,742,499258,0,0,0,0,0,0,0,0,0,master,0,ad29c73a6f9f7a99d7cb6242a252a162191faa1b,0,0,-1,0,1048576,0,0,8.846782,3.943008,0,0,0,249666,0,0
6.2.1,0,0,c91470f75d7c181b,standalone,Linux 3.10.0-957.27.2.el7.x86_64 x86_64,64,epoll,atomic-builtin,4.8.5,10088,78f48f5d372d54770cb95ec6c705feabc5ba2e82,6379,22,0,32,32,3505788,/home/swredis/redis-sample-generation/redis-server,/home/swredis/redis-sample-generation/configfile/config10002.conf,1,32,0,0,38644392,36.85,42053632,40.11,38704616,36.91,99.84,12615400,531608,26028992,68.29,38656192,38920192,42209280,58986446848,54.94,37888,37,0,0,0,2306867200,2.15,allkeys-random,1.01,264000,1.08,3289088,1,-155648,1.09,3431024,0,0,0,0,0,jemalloc-5.1.0,0,0,0,500000,0,1630895718,ok,-1,-1,0,0,0,0,-1,-1,ok,ok,0,3,1000000,20229,71500014,5048972,1412.46,100.34,0,0,0,0,0,0,0,0,742,499258,0,0,0,0,0,0,0,0,0,master,0,db5c98a8a5a75055f0ba2c71c02262c332101af3,0,0,-1,0,1048576,0,0,8.58088,3.920968,0,0,0,249666,0,0
6.2.1,0,0,c91470f75d7c181b,standalone,Linux 3.10.0-957.27.2.el7.x86_64 x86_64,64,epoll,atomic-builtin,4.8.5,10274,a7dd66f07f33a67956ffaefbfcd27582dc342ada,6379,22,0,40,40,3505816,/home/swredis/redis-sample-generation/redis-server,/home/swredis/redis-sample-generation/configfile/config10003.conf,1,32,0,0,38644392,36.85,42037248,40.09,38704616,36.91,99.84,12615400,531608,26028992,68.29,38658184,38932480,42209280,58986446848,54.94,37888,37,0,0,0,1782579200,1.66,allkeys-lfu,1.01,274296,1.08,3276800,1,-172032,1.09,3414640,0,0,0,0,0,jemalloc-5.1.0,0,0,0,500000,0,1630895746,ok,-1,-1,0,0,0,0,-1,-1,ok,ok,0,3,1000000,35258,71500014,5049038,2461.91,175.14,0,0,0,0,0,0,0,0,743,499257,0,0,0,0,0,0,0,0,0,master,0,d8516ec6f082396b6a66b54b4c5e65c07967c414,0,0,-1,0,1048576,0,0,8.847782,3.970934,0,0,0,249666,0,0
6.2.1,0,0,c91470f75d7c181b,standalone,Linux 3.10.0-957.27.2.el7.x86_64 x86_64,64,epoll,atomic-builtin,4.8.5,10490,249aa39f8ec3ae1e109faad5cd8aaca06543d73f,6379,22,0,37,37,3505844,/home/swredis/redis-sample-generation/redis-server,/home/swredis/redis-sample-generation/configfile/config10004.conf,1,32,0,0,38644392,36.85,42020864,40.07,38704624,36.91,99.84,12615400,531608,26028992,68.29,38656176,38920192,42209280,58986446848,54.94,37888,37,0,0,0,1048576000,1000,noeviction,1.01,264016,1.08,3289088,1,-188416,1.09,3398256,0,0,0,0,0,jemalloc-5.1.0,0,0,0,500000,0,1630895774,ok,-1,-1,0,0,0,0,-1,-1,ok,ok,0,3,1000000,18119,71500014,5049038,1265.16,90.17,0,0,0,0,0,0,0,0,743,499257,0,0,0,0,0,0,0,0,0,master,0,e4d931f869624b37fb74db3d869d27ce62d1f28d,0,0,-1,0,1048576,0,0,8.801138,3.874116,0,0,0,249666,0,0
6.2.1,0,0,c91470f75d7c181b,standalone,Linux 3.10.0-957.27.2.el7.x86_64 x86_64,64,epoll,atomic-builtin,4.8.5,10698,794351f62dbbf238dbecf8237106f324ad6ff607,6379,22,0,30,30,3505873,/home/swredis/redis-sample-generation/redis-server,/home/swredis/redis-sample-generation/configfile/config10005.conf,1,32,0,0,38644392,36.85,42045440,40.1,38704616,36.91,99.84,12635888,531608,26008504,68.24,38657736,38932480,42209280,58986446848,54.94,37888,37,0,0,0,1992294400,1.86,allkeys-random,1.01,274744,1.08,3276800,1,-163840,1.09,3443824,0,0,0,20488,0,jemalloc-5.1.0,0,0,0,500000,0,1630895803,ok,-1,-1,0,0,0,0,-1,-1,ok,ok,0,3,1000000,26102,71500014,5049038,1822.58,129.65,0,0,0,0,0,0,0,0,743,499257,0,0,0,0,0,0,0,0,0,master,0,8e40e8c05c88168113d1ed14043d2f48d59fabd3,0,0,-1,0,1048576,0,0,8.811133,4.059362,0,0,0,249666,0,0
6.2.1,0,0,c91470f75d7c181b,standalone,Linux 3.10.0-957.27.2.el7.x86_64 x86_64,64,epoll,atomic-builtin,4.8.5,10918,816d18d78af8738bf93c0fe06ebb1f01ed56d93c,6379,22,0,17,17,3505901,/home/swredis/redis-sample-generation/redis-server,/home/swredis/redis-sample-generation/configfile/config10006.conf,1,32,0,0,38644392,36.85,42033152,40.09,38704616,36.91,99.84,12615400,531608,26028992,68.29,38656368,38920192,42209280,58986446848,54.94,37888,37,0,0,0,2936012800,2.73,volatile-lfu,1.01,263824,1.08,3289088,1,-176128,1.09,3410544,0,0,0,0,0,jemalloc-5.1.0,0,0,0,500000,0,1630895831,ok,-1,-1,0,0,0,0,-1,-1,ok,ok,0,3,1000000,33764,71500014,5048972,2357.54,167.44,0,0,0,0,0,0,0,0,742,499258,0,0,0,0,0,0,0,0,0,master,0,b81ad7234b9f7d25c133d3bb117160dd66ad093e,0,0,-1,0,1048576,0,0,9.030384,3.957099,0,0,0,249666,0,0
6.2.1,0,0,c91470f75d7c181b,standalone,Linux 3.10.0-957.27.2.el7.x86_64 x86_64,64,epoll,atomic-builtin,4.8.5,11180,24088eaadb7f8b56828123d4ab8abff7c28d6e8a,6379,22,0,6,6,3505929,/home/swredis/redis-sample-generation/redis-server,/home/swredis/redis-sample-generation/configfile/config10007.conf,1,32,0,0,38644392,36.85,42041344,40.09,38704616,36.91,99.84,12615400,531608,26028992,68.29,38657184,38920192,42196992,58986446848,54.94,37888,37,0,0,0,1887436800,1.76,volatile-lru,1.01,263008,1.08,3276800,1,-155648,1.09,3418736,0,0,0,0,0,jemalloc-5.1.0,0,0,0,500000,0,1630895859,ok,-1,-1,0,0,0,0,-1,-1,ok,ok,0,3,1000000,45764,71500014,5049038,3195.52,226.93,0,0,0,0,0,0,0,0,743,499257,0,0,0,0,0,0,0,0,0,master,0,50841fd2068244649d8695ea185fbb3533785ec8,0,0,-1,0,1048576,0,0,8.892024,4.017613,0,0,0,249666,0,0
6.2.1,0,0,c91470f75d7c181b,standalone,Linux 3.10.0-957.27.2.el7.x86_64 x86_64,64,epoll,atomic-builtin,4.8.5,11457,ea3f953cbac84dfc7f0076368dc11b0fde8eef13,6379,22,0,4,4,3505958,/home/swredis/redis-sample-generation/redis-server,/home/swredis/redis-sample-generation/configfile/config10008.conf,1,32,0,0,38644392,36.85,42049536,40.1,38704616,36.91,99.84,12615400,531608,26028992,68.29,38656584,38920192,42209280,58986446848,54.94,37888,37,0,0,0,2306867200,2.15,volatile-lfu,1.01,263608,1.08,3289088,1,-159744,1.09,3468856,0,0,0,0,0,jemalloc-5.1.0,0,0,0,500000,0,1630895888,ok,-1,-1,0,0,0,0,-1,-1,ok,ok,0,3,1000000,48520,71500014,5048972,3387.91,240.56,0,0,0,0,0,0,0,0,742,499258,0,0,0,0,0,0,0,0,0,master,0,6c1449f26c86cec3425ab9cdc134d5a36cf78b8e,0,0,-1,0,1048576,0,0,8.668861,3.974964,0,0,0,249666,0,0
6.2.1,0,0,c91470f75d7c181b,standalone,Linux 3.10.0-957.27.2.el7.x86_64 x86_64,64,epoll,atomic-builtin,4.8.5,11720,0e4ce5bc1ba88e2829ce6fb6d0d279cb5c5d40ac,6379,22,0,17,17,3505986,/home/swredis/redis-sample-generation/redis-server,/home/swredis/redis-sample-generation/configfile/config10009.conf,1,32,0,0,38644392,36.85,42029056,40.08,38704616,36.91,99.84,12615400,531608,26028992,68.29,38656320,38920192,42209280,58986446848,54.94,37888,37,0,0,0,2726297600,2.54,allkeys-lfu,1.01,263872,1.08,3289088,1,-180224,1.09,3406448,0,0,0,0,0,jemalloc-5.1.0,0,0,0,500000,0,1630895916,ok,-1,-1,0,0,0,0,-1,-1,ok,ok,0,3,1000000,13246,71500014,5048972,924.91,66.14,0,0,0,0,0,0,0,0,742,499258,0,0,0,0,0,0,0,0,0,master,0,7622ecabe358de5f930affe429367d7d86230acb,0,0,-1,0,1048576,0,0,8.890964,3.81441,0,0,0,249666,0,0
6.2.1,0,0,c91470f75d7c181b,standalone,Linux 3.10.0-957.27.2.el7.x86_64 x86_64,64,epoll,atomic-builtin,4.8.5,12024,a2e20afb69dbd198a47d1157231b624f6c5a3190,6379,22,0,12,12,3506014,/home/swredis/redis-sample-generation/redis-server,/home/swredis/redis-sample-generation/configfile/config10010.conf,1,32,0,0,38644392,36.85,42033152,40.09,38704616,36.91,99.84,12615400,531608,26028992,68.29,38658336,38932480,42209280,58986446848,54.94,37888,37,0,0,0,1992294400,1.86,allkeys-lfu,1.01,274144,1.08,3276800,1,-176128,1.09,3452472,0,0,0,0,0,jemalloc-5.1.0,0,0,0,500000,0,1630895944,ok,-1,-1,0,0,0,0,-1,-1,ok,ok,0,3,1000000,28109,71500014,5049038,1962.69,139.68,0,0,0,0,0,0,0,0,743,499257,0,0,0,0,0,0,0,0,0,master,0,4130a7a6ba28c88a4623f95e2b158e9cb9f092fc,0,0,-1,0,1048576,0,0,8.741318,3.983159,0,0,0,249666,0,0
6.2.1,0,0,c91470f75d7c181b,standalone,Linux 3.10.0-957.27.2.el7.x86_64 x86_64,64,epoll,atomic-builtin,4.8.5,12313,c4187db4aa8d5d1a0e53fc7cd270354d6bd2b220,6379,21,0,8,8,3506041,/home/swredis/redis-sample-generation/redis-server,/home/swredis/redis-sample-generation/configfile/config10011.conf,1,32,0,0,38644392,36.85,41771008,39.84,38704616,36.91,99.84,12615400,531608,26028992,68.29,38490488,38764544,41947136,58986446848,54.94,37888,37,0,0,0,1887436800,1.76,volatile-lfu,1.01,274056,1.08,3182592,1,-176128,1.09,3320912,0,0,0,0,0,jemalloc-5.1.0,0,0,0,500000,0,1630895973,ok,-1,-1,0,0,0,0,-1,-1,ok,ok,0,3,1000000,62445,71500014,5048972,4360.2,309.54,0,0,0,0,0,0,0,0,742,499258,0,0,0,0,0,0,0,0,0,master,0,cd1aa2f0138d5cff9ea6b75bf50a8a5c6ada221a,0,0,-1,0,1048576,0,0,8.696174,3.888593,0,0,0,249666,0,0
6.2.1,0,0,c91470f75d7c181b,standalone,Linux 3.10.0-957.27.2.el7.x86_64 x86_64,64,epoll,atomic-builtin,4.8.5,12636,f887f8d6e9dea10980c8c5f6b6b677eb2529f421,6379,21,0,1,1,3506069,/home/swredis/redis-sample-generation/redis-server,/home/swredis/redis-sample-generation/configfile/config10012.conf,1,32,0,0,38644392,36.85,42041344,40.09,38704616,36.91,99.84,12615400,531608,26028992,68.29,38739896,39022592,42209280,58986446848,54.94,37888,37,0,0,0,1363148800,1.27,allkeys-lru,1.01,282696,1.08,3186688,1,-167936,1.09,3336832,0,0,0,0,0,jemalloc-5.1.0,0,0,0,500000,0,1630896000,ok,-1,-1,0,0,0,0,-1,-1,ok,ok,0,3,1000000,62491,71500014,5048972,4363.46,308.12,0,0,0,0,0,0,0,0,742,499258,0,0,0,0,0,0,0,0,0,master,0,e60b3003cea8711979aad7e69208188e51cf1fe8,0,0,-1,0,1048576,0,0,8.604027,3.927016,0,0,0,249666,0,0
6.2.1,0,0,c91470f75d7c181b,standalone,Linux 3.10.0-957.27.2.el7.x86_64 x86_64,64,epoll,atomic-builtin,4.8.5,12972,b176acd2fb7aac353ffd8de89046658a183c865d,6379,22,0,8,8,3506097,/home/swredis/redis-sample-generation/redis-server,/home/swredis/redis-sample-generation/configfile/config10013.conf,1,32,0,0,38644392,36.85,42053632,40.11,38704616,36.91,99.84,12635888,531608,26008504,68.24,38655792,38920192,42209280,58986446848,54.94,37888,37,0,0,0,1992294400,1.86,allkeys-random,1.01,264400,1.08,3289088,1,-155648,1.09,3452016,0,0,0,20488,0,jemalloc-5.1.0,0,0,0,500000,0,1630896027,ok,-1,-1,0,0,0,0,-1,-1,ok,ok,0,3,1000000,38449,71500014,5048972,2684.64,190.64,0,0,0,0,0,0,0,0,742,499258,0,0,0,0,0,0,0,0,0,master,0,6adb16ea4407d6892764f27105ef678640001df8,0,0,-1,0,1048576,0,0,8.918256,3.884257,0,0,0,249666,0,0
6.2.1,0,0,c91470f75d7c181b,standalone,Linux 3.10.0-957.27.2.el7.x86_64 x86_64,64,epoll,atomic-builtin,4.8.5,13309,add429d4d77115db1b54112652cd9d92a73d4e2d,6379,22,0,25,25,3506126,/home/swredis/redis-sample-generation/redis-server,/home/swredis/redis-sample-generation/configfile/config10014.conf,1,32,0,0,38644392,36.85,42029056,40.08,38704616,36.91,99.84,12615400,531608,26028992,68.29,38655944,38920192,42196992,58986446848,54.94,37888,37,0,0,0,2831155200,2.64,allkeys-lfu,1.01,264248,1.08,3276800,1,-167936,1.09,3406448,0,0,0,0,0,jemalloc-5.1.0,0,0,0,500000,0,1630896056,ok,-1,-1,0,0,0,0,-1,-1,ok,ok,0,3,1000000,37942,71500014,5048972,2649.31,188.39,0,0,0,0,0,0,0,0,742,499258,0,0,0,0,0,0,0,0,0,master,0,21f06220b2c9b875836f4550b894bcd224f96258,0,0,-1,0,1048576,0,0,8.993168,4.038448,0,0,0,249666,0,0
6.2.1,0,0,c91470f75d7c181b,standalone,Linux 3.10.0-957.27.2.el7.x86_64 x86_64,64,epoll,atomic-builtin,4.8.5,13744,958f5b5dab3989913169fcd980177f46832dcbeb,6379,22,0,19,19,3506154,/home/swredis/redis-sample-generation/redis-server,/home/swredis/redis-sample-generation/configfile/config10015.conf,1,32,0,0,38644392,36.85,42037248,40.09,38704616,36.91,99.84,12615400,531608,26028992,68.29,38658328,38932480,42209280,58986446848,54.94,37888,37,0,0,0,2411724800,2.25,allkeys-lfu,1.01,274152,1.08,3276800,1,-172032,1.09,3414640,0,0,0,0,0,jemalloc-5.1.0,0,0,0,500000,0,1630896084,ok,-1,-1,0,0,0,0,-1,-1,ok,ok,0,3,1000000,17142,71500014,5049038,1196.96,85.42,0,0,0,0,0,0,0,0,743,499257,0,0,0,0,0,0,0,0,0,master,0,2f3b11c2f774443d96fab45b85c55572c72cc210,0,0,-1,0,1048576,0,0,8.788394,4.002073,0,0,0,249666,0,0
6.2.1,0,0,c91470f75d7c181b,standalone,Linux 3.10.0-957.27.2.el7.x86_64 x86_64,64,epoll,atomic-builtin,4.8.5,14121,5b8350b3d00947e6c65aa09c1c1935e9ccd90871,6379,22,0,17,17,3506182,/home/swredis/redis-sample-generation/redis-server,/home/swredis/redis-sample-generation/configfile/config10016.conf,1,32,0,0,38644392,36.85,42029056,40.08,38704616,36.91,99.84,12615400,531608,26028992,68.29,38740088,39022592,42209280,58986446848,54.94,37888,37,0,0,0,2621440000,2.44,noeviction,1.01,282504,1.08,3186688,1,-180224,1.09,3324544,0,0,0,0,0,jemalloc-5.1.0,0,0,0,500000,0,1630896112,ok,-1,-1,0,0,0,0,-1,-1,ok,ok,0,3,1000000,45334,71500014,5048972,3165.44,225.25,0,0,0,0,0,0,0,0,742,499258,0,0,0,0,0,0,0,0,0,master,0,1c3acdf9762b71dd34a8fea941a3ea30c0f161f7,0,0,-1,0,1048576,0,0,9.211986,4.092696,0,0,0,249666,0,0
6.2.1,0,0,c91470f75d7c181b,standalone,Linux 3.10.0-957.27.2.el7.x86_64 x86_64,64,epoll,atomic-builtin,4.8.5,14491,9ec2a5178ae03e739d0adf6dc7fcb3b17324b16b,6379,22,0,8,8,3506210,/home/swredis/redis-sample-generation/redis-server,/home/swredis/redis-sample-generation/configfile/config10017.conf,1,32,0,0,38644392,36.85,42037248,40.09,38704616,36.91,99.84,12615400,531608,26028992,68.29,38656632,38920192,42209280,58986446848,54.94,37888,37,0,0,0,1677721600,1.56,volatile-lru,1.01,263560,1.08,3289088,1,-172032,1.09,3414640,0,0,0,0,0,jemalloc-5.1.0,0,0,0,500000,0,1630896140,ok,-1,-1,0,0,0,0,-1,-1,ok,ok,0,3,1000000,53627,71500014,5048972,3744.46,265.98,0,0,0,0,0,0,0,0,742,499258,0,0,0,0,0,0,0,0,0,master,0,50c458508523fa7bba0552c2343ee6a59261995b,0,0,-1,0,1048576,0,0,9.01613,3.967846,0,0,0,249666,0,0
6.2.1,0,0,c91470f75d7c181b,standalone,Linux 3.10.0-957.27.2.el7.x86_64 x86_64,64,epoll,atomic-builtin,4.8.5,14879,3abdbaa402f597743c42f0712713a2dc951d895a,6379,22,0,16,16,3506239,/home/swredis/redis-sample-generation/redis-server,/home/swredis/redis-sample-generation/configfile/config10018.conf,1,32,0,0,38644392,36.85,42037248,40.09,38704616,36.91,99.84,12615400,531608,26028992,68.29,38656192,38920192,42209280,58986446848,54.94,37888,37,0,0,0,2936012800,2.73,volatile-ttl,1.01,264000,1.08,3289088,1,-172032,1.09,3414640,0,0,0,0,0,jemalloc-5.1.0,0,0,0,500000,0,1630896169,ok,-1,-1,0,0,0,0,-1,-1,ok,ok,0,3,1000000,36989,71500014,5049038,2582.79,183.86,0,0,0,0,0,0,0,0,743,499257,0,0,0,0,0,0,0,0,0,master,0,ac7fe5142a6752915f1c9c53e9d95d79644cabe4,0,0,-1,0,1048576,0,0,8.997609,4.055379,0,0,0,249666,0,0
6.2.1,0,0,c91470f75d7c181b,standalone,Linux 3.10.0-957.27.2.el7.x86_64 x86_64,64,epoll,atomic-builtin,4.8.5,15327,77b863d61fb23fd9c15a1b89d716000998d67f76,6379,22,0,7,7,3506267,/home/swredis/redis-sample-generation/redis-server,/home/swredis/redis-sample-generation/configfile/config10019.conf,1,32,0,0,38644392,36.85,42037248,40.09,38704616,36.91,99.84,12615400,531608,26028992,68.29,38658192,38932480,42209280,58986446848,54.94,37888,37,0,0,0,1887436800,1.76,allkeys-random,1.01,274288,1.08,3276800,1,-172032,1.09,3414640,0,0,0,0,0,jemalloc-5.1.0,0,0,0,500000,0,1630896197,ok,-1,-1,0,0,0,0,-1,-1,ok,ok,0,3,1000000,43858,71500014,5048972,3062.38,217.56,0,0,0,0,0,0,0,0,742,499258,0,0,0,0,0,0,0,0,0,master,0,55ae7d3d1411fc743e71ec3d81356ffc80871f6e,0,0,-1,0,1048576,0,0,8.69054,3.890603,0,0,0,249666,0,0
6.2.1,0,0,c91470f75d7c181b,standalone,Linux 3.10.0-957.27.2.el7.x86_64 x86_64,64,epoll,atomic-builtin,4.8.5,15762,b0249cbd11adb19a3f4d7de615bf928b76aa6786,6379,22,0,32,32,3506295,/home/swredis/redis-sample-generation/redis-server,/home/swredis/redis-sample-generation/configfile/config10020.conf,1,32,0,0,38644392,36.85,42045440,40.1,38704616,36.91,99.84,12615400,531608,26028992,68.29,38658496,38932480,42209280,58986446848,54.94,37888,37,0,0,0,2202009600,2.05,allkeys-lfu,1.01,273984,1.08,3276800,1,-163840,1.09,3422832,0,0,0,0,0,jemalloc-5.1.0,0,0,0,500000,0,1630896225,ok,-1,-1,0,0,0,0,-1,-1,ok,ok,0,3,1000000,35109,71500014,5048972,2451.47,174.55,0,0,0,0,0,0,0,0,742,499258,0,0,0,0,0,0,0,0,0,master,0,20a5d2b54589f430f197a3cee40227fe8c691961,0,0,-1,0,1048576,0,0,8.937801,3.842239,0,0,0,249666,0,0
6.2.1,0,0,c91470f75d7c181b,standalone,Linux 3.10.0-957.27.2.el7.x86_64 x86_64,64,epoll,atomic-builtin,4.8.5,16215,b33dcf947bdbd5100d0ca083e0f6aa7af3c34c4a,6379,22,0,19,19,3506324,/home/swredis/redis-sample-generation/redis-server,/home/swredis/redis-sample-generation/configfile/config10021.conf,1,32,0,0,38644392,36.85,42033152,40.09,38704616,36.91,99.84,12615400,531608,26028992,68.29,38658336,38932480,42209280,58986446848,54.94,37888,37,0,0,0,2831155200,2.64,volatile-random,1.01,274144,1.08,3276800,1,-176128,1.09,3410544,0,0,0,0,0,jemalloc-5.1.0,0,0,0,500000,0,1630896254,ok,-1,-1,0,0,0,0,-1,-1,ok,ok,0,3,1000000,29131,71500014,5048972,2034.05,144.88,0,0,0,0,0,0,0,0,742,499258,0,0,0,0,0,0,0,0,0,master,0,7b41241cdfe3952366df9a7601a3d68dffa897c6,0,0,-1,0,1048576,0,0,9.068286,3.970175,0,0,0,249666,0,0
6.2.1,0,0,c91470f75d7c181b,standalone,Linux 3.10.0-957.27.2.el7.x86_64 x86_64,64,epoll,atomic-builtin,4.8.5,16669,86a79ef709d623efb284b1d1b3d40d694eaa91fe,6379,22,0,8,8,3506352,/home/swredis/redis-sample-generation/redis-server,/home/swredis/redis-sample-generation/configfile/config10022.conf,1,32,0,0,38644392,36.85,42049536,40.1,38704616,36.91,99.84,12615400,531608,26028992,68.29,38740088,39022592,42209280,58986446848,54.94,37888,37,0,0,0,1048576000,1000,allkeys-random,1.01,282504,1.08,3186688,1,-159744,1.09,3345024,0,0,0,0,0,jemalloc-5.1.0,0,0,0,500000,0,1630896282,ok,-1,-1,0,0,0,0,-1,-1,ok,ok,0,3,1000000,54723,71500014,5048972,3820.97,271.42,0,0,0,0,0,0,0,0,742,499258,0,0,0,0,0,0,0,0,0,master,0,35a03111e5dbb21c2bfd3c966a05ed72139a8baa,0,0,-1,0,1048576,0,0,9.073541,4.11816,0,0,0,249666,0,0
6.2.1,0,0,c91470f75d7c181b,standalone,Linux 3.10.0-957.27.2.el7.x86_64 x86_64,64,epoll,atomic-builtin,4.8.5,17153,14242ec37fef13534cfe2841d0c82e105781b004,6379,22,0,28,28,3506380,/home/swredis/redis-sample-generation/redis-server,/home/swredis/redis-sample-generation/configfile/config10023.conf,1,32,0,0,38644392,36.85,42041344,40.09,38704616,36.91,99.84,12615400,531608,26028992,68.29,38658328,38932480,42209280,58986446848,54.94,37888,37,0,0,0,1468006400,1.37,volatile-random,1.01,274152,1.08,3276800,1,-167936,1.09,3418736,0,0,0,0,0,jemalloc-5.1.0,0,0,0,500000,0,1630896310,ok,-1,-1,0,0,0,0,-1,-1,ok,ok,0,3,1000000,11663,71500014,5049038,814.35,58.21,0,0,0,0,0,0,0,0,743,499257,0,0,0,0,0,0,0,0,0,master,0,9dbec23e103a97229cc9dc32c19958f6a479ede1,0,0,-1,0,1048576,0,0,8.653771,3.975192,0,0,0,249666,0,0
6.2.1,0,0,c91470f75d7c181b,standalone,Linux 3.10.0-957.27.2.el7.x86_64 x86_64,64,epoll,atomic-builtin,4.8.5,17629,88883ca3d7d206b8423ed36d3233364ea0fd9216,6379,22,0,5,5,3506409,/home/swredis/redis-sample-generation/redis-server,/home/swredis/redis-sample-generation/configfile/config10024.conf,1,32,0,0,38644392,36.85,42045440,40.1,38704616,36.91,99.84,12615400,531608,26028992,68.29,38658360,38932480,44310528,58986446848,54.94,37888,37,0,0,0,1992294400,1.86,volatile-random,1.01,274120,1.14,5378048,0.95,-2265088,1.09,3464760,0,0,0,0,0,jemalloc-5.1.0,0,0,0,500000,0,1630896339,ok,-1,-1,0,0,0,0,-1,-1,ok,ok,0,3,1000000,59518,71500014,5048972,4155.82,295.13,0,0,0,0,0,0,0,0,742,499258,0,0,0,0,0,0,0,0,0,master,0,2b053a446b9111a2662aba94f114db3414d7d209,0,0,-1,0,1048576,0,0,8.89526,3.950214,0,0,0,249666,0,0
6.2.1,0,0,c91470f75d7c181b,standalone,Linux 3.10.0-957.27.2.el7.x86_64 x86_64,64,epoll,atomic-builtin,4.8.5,18127,7bbd1d7d08cbf48b6f0c00be471132e9c280fbcd,6379,22,0,5,5,3506437,/home/swredis/redis-sample-generation/redis-server,/home/swredis/redis-sample-generation/configfile/config10025.conf,1,32,0,0,38644392,36.85,41766912,39.83,38704616,36.91,99.84,12615400,531608,26028992,68.29,38550488,38825984,42012672,58986446848,54.94,37888,37,0,0,0,2831155200,2.64,noeviction,1.01,275496,1.08,3186688,0.99,-245760,1.08,3254920,0,0,0,0,0,jemalloc-5.1.0,0,0,0,500000,0,1630896367,ok,-1,-1,0,0,0,0,-1,-1,ok,ok,0,3,1000000,58998,71500014,5048972,4119.5,292.39,0,0,0,0,0,0,0,0,742,499258,0,0,0,0,0,0,0,0,0,master,0,0e3f05ff1298df2df24035f97e97c8180268d1fa,0,0,-1,0,1048576,0,0,8.986587,4.045602,0,0,0,249666,0,0
6.2.1,0,0,c91470f75d7c181b,standalone,Linux 3.10.0-957.27.2.el7.x86_64 x86_64,64,epoll,atomic-builtin,4.8.5,18721,1ebfee4c52156e403663e15a2f5da7ec439bbe65,6379,22,0,35,35,3506465,/home/swredis/redis-sample-generation/redis-server,/home/swredis/redis-sample-generation/configfile/config10026.conf,1,32,0,0,38644392,36.85,42029056,40.08,38704616,36.91,99.84,12615400,531608,26028992,68.29,38658328,38932480,44310528,58986446848,54.94,37888,37,0,0,0,1153433600,1.07,volatile-lfu,1.01,274152,1.14,5378048,0.95,-2281472,1.09,3406448,0,0,0,0,0,jemalloc-5.1.0,0,0,0,500000,0,1630896395,ok,-1,-1,0,0,0,0,-1,-1,ok,ok,0,3,1000000,34136,71500014,5048972,2383.57,169.66,0,0,0,0,0,0,0,0,742,499258,0,0,0,0,0,0,0,0,0,master,0,07ae11d10cd4bf2f2809731481e4d38a604a3543,0,0,-1,0,1048576,0,0,8.729315,3.880085,0,0,0,249666,0,0
6.2.1,0,0,c91470f75d7c181b,standalone,Linux 3.10.0-957.27.2.el7.x86_64 x86_64,64,epoll,atomic-builtin,4.8.5,19258,ecff0c235a0377d728f3bafd4214b299baa74127,6379,22,0,32,32,3506494,/home/swredis/redis-sample-generation/redis-server,/home/swredis/redis-sample-generation/configfile/config10027.conf,1,32,0,0,38644392,36.85,42033152,40.09,38704616,36.91,99.84,12615400,531608,26028992,68.29,38656240,38920192,44310528,58986446848,54.94,37888,37,0,0,0,1572864000,1.46,volatile-lru,1.01,263952,1.14,5390336,0.95,-2277376,1.09,3410544,0,0,0,0,0,jemalloc-5.1.0,0,0,0,500000,0,1630896424,ok,-1,-1,0,0,0,0,-1,-1,ok,ok,0,3,1000000,32317,71500014,5049038,2256.55,160.49,0,0,0,0,0,0,0,0,743,499257,0,0,0,0,0,0,0,0,0,master,0,19d06e18d8e8257c3250f3921d756bc35a0b32a7,0,0,-1,0,1048576,0,0,8.879292,3.980901,0,0,0,249666,0,0
6.2.1,0,0,c91470f75d7c181b,standalone,Linux 3.10.0-957.27.2.el7.x86_64 x86_64,64,epoll,atomic-builtin,4.8.5,19793,a5b749d415948e714bf2a56444261817576ebd6b,6379,22,0,24,24,3506522,/home/swredis/redis-sample-generation/redis-server,/home/swredis/redis-sample-generation/configfile/config10028.conf,1,32,0,0,38644392,36.85,42041344,40.09,38704616,36.91,99.84,12615400,531608,26028992,68.29,38656288,38920192,44310528,58986446848,54.94,37888,37,0,0,0,2097152000,1.95,allkeys-random,1.01,263904,1.14,5390336,0.95,-2269184,1.09,3460664,0,0,0,0,0,jemalloc-5.1.0,0,0,0,500000,0,1630896452,ok,-1,-1,0,0,0,0,-1,-1,ok,ok,0,3,1000000,33642,71500014,5048972,2349.04,167.22,0,0,0,0,0,0,0,0,742,499258,0,0,0,0,0,0,0,0,0,master,0,4f4dba049fb03cd106bf2340f7fb22c37960e262,0,0,-1,0,1048576,0,0,8.969436,3.950438,0,0,0,249666,0,0
6.2.1,0,0,c91470f75d7c181b,standalone,Linux 3.10.0-957.27.2.el7.x86_64 x86_64,64,epoll,atomic-builtin,4.8.5,20351,4e690f58099adfc17ebb5a3b7efd880f9da7010e,6379,22,0,33,33,3506550,/home/swredis/redis-sample-generation/redis-server,/home/swredis/redis-sample-generation/configfile/config10029.conf,1,32,0,0,38644392,36.85,42020864,40.07,38704616,36.91,99.84,12615400,531608,26028992,68.29,38655856,38920192,44310528,58986446848,54.94,37888,37,0,0,0,3040870400,2.83,allkeys-lru,1.01,264336,1.14,5390336,0.95,-2289664,1.09,3398256,0,0,0,0,0,jemalloc-5.1.0,0,0,0,500000,0,1630896480,ok,-1,-1,0,0,0,0,-1,-1,ok,ok,0,3,1000000,29088,71500014,5048972,2031.1,144.5,0,0,0,0,0,0,0,0,742,499258,0,0,0,0,0,0,0,0,0,master,0,0e26054f78bf6ad2dce3d8568710e0a3385fc389,0,0,-1,0,1048576,0,0,8.768245,4.125312,0,0,0,249666,0,0
6.2.1,0,0,c91470f75d7c181b,standalone,Linux 3.10.0-957.27.2.el7.x86_64 x86_64,64,epoll,atomic-builtin,4.8.5,20921,5416e36ed38e08028902ec419cd3001098301038,6379,22,0,25,25,3506579,/home/swredis/redis-sample-generation/redis-server,/home/swredis/redis-sample-generation/configfile/config10030.conf,1,32,0,0,38644392,36.85,42016768,40.07,38704616,36.91,99.84,12615400,531608,26028992,68.29,38658184,38932480,42209280,58986446848,54.94,37888,37,0,0,0,2726297600,2.54,noeviction,1.01,274296,1.08,3276800,1,-192512,1.09,3394160,0,0,0,0,0,jemalloc-5.1.0,0,0,0,500000,0,1630896509,ok,-1,-1,0,0,0,0,-1,-1,ok,ok,0,3,1000000,27352,71500014,5049038,1909.83,136.08,0,0,0,0,0,0,0,0,743,499257,0,0,0,0,0,0,0,0,0,master,0,2cb2d418b76fa9632e4a04f4560aad0a6b679155,0,0,-1,0,1048576,0,0,8.743589,3.860587,0,0,0,249666,0,0
6.2.1,0,0,c91470f75d7c181b,standalone,Linux 3.10.0-957.27.2.el7.x86_64 x86_64,64,epoll,atomic-builtin,4.8.5,21510,5f78e29d61bb413e87bf02e39a9be530924f8741,6379,22,0,4,4,3506607,/home/swredis/redis-sample-generation/redis-server,/home/swredis/redis-sample-generation/configfile/config10031.conf,1,32,0,0,38644392,36.85,42049536,40.1,38704616,36.91,99.84,12615400,531608,26028992,68.29,38658360,38932480,44310528,58986446848,54.94,37888,37,0,0,0,2831155200,2.64,allkeys-lru,1.01,274120,1.14,5378048,0.95,-2260992,1.09,3468856,0,0,0,0,0,jemalloc-5.1.0,0,0,0,500000,0,1630896537,ok,-1,-1,0,0,0,0,-1,-1,ok,ok,0,3,1000000,52116,71500014,5049038,3638.95,258.42,0,0,0,0,0,0,0,0,743,499257,0,0,0,0,0,0,0,0,0,master,0,ca7473ec9a8cfe3a6e811d4ffb66242c78456f11,0,0,-1,0,1048576,0,0,8.749938,3.916676,0,0,0,249666,0,0
6.2.1,0,0,c91470f75d7c181b,standalone,Linux 3.10.0-957.27.2.el7.x86_64 x86_64,64,epoll,atomic-builtin,4.8.5,22110,0d99d8b9b65b75118694e6877db0d8a576f26609,6379,22,0,24,24,3506635,/home/swredis/redis-sample-generation/redis-server,/home/swredis/redis-sample-generation/configfile/config10032.conf,1,32,0,0,38644392,36.85,42020864,40.07,38704616,36.91,99.84,12615400,531608,26028992,68.29,38656240,38920192,42209280,58986446848,54.94,37888,37,0,0,0,2306867200,2.15,noeviction,1.01,263952,1.08,3289088,1,-188416,1.09,3440184,0,0,0,0,0,jemalloc-5.1.0,0,0,0,500000,0,1630896565,ok,-1,-1,0,0,0,0,-1,-1,ok,ok,0,3,1000000,14800,71500014,5049038,1033.37,73.84,0,0,0,0,0,0,0,0,743,499257,0,0,0,0,0,0,0,0,0,master,0,560476285b044ef4e0ee432c4616bc78088b55e2,0,0,-1,0,1048576,0,0,8.639083,4.043104,0,0,0,249666,0,0
6.2.1,0,0,c91470f75d7c181b,standalone,Linux 3.10.0-957.27.2.el7.x86_64 x86_64,64,epoll,atomic-builtin,4.8.5,22724,45cfe034e7611bc2f865a9662fa404bf7e89d18d,6379,22,0,9,9,3506664,/home/swredis/redis-sample-generation/redis-server,/home/swredis/redis-sample-generation/configfile/config10033.conf,1,32,0,0,38644392,36.85,42037248,40.09,38704616,36.91,99.84,12615400,531608,26028992,68.29,38658360,38932480,42209280,58986446848,54.94,37888,37,0,0,0,2097152000,1.95,allkeys-lfu,1.01,274120,1.08,3276800,1,-172032,1.09,3414640,0,0,0,0,0,jemalloc-5.1.0,0,0,0,500000,0,1630896594,ok,-1,-1,0,0,0,0,-1,-1,ok,ok,0,3,1000000,39866,71500014,5049038,2783.62,197.78,0,0,0,0,0,0,0,0,743,499257,0,0,0,0,0,0,0,0,0,master,0,aa9b54e0bdc41bb07d47f6950624e8d2fe4c69bc,0,0,-1,0,1048576,0,0,8.946007,3.941759,0,0,0,249666,0,0
6.2.1,0,0,c91470f75d7c181b,standalone,Linux 3.10.0-957.27.2.el7.x86_64 x86_64,64,epoll,atomic-builtin,4.8.5,23377,c26dd17cd9d8313522a0d0c8cb206231a45bcacf,6379,22,0,20,20,3506692,/home/swredis/redis-sample-generation/redis-server,/home/swredis/redis-sample-generation/configfile/config10034.conf,1,32,0,0,38644392,36.85,42029056,40.08,38704616,36.91,99.84,12615400,531608,26028992,68.29,38656176,38920192,42209280,58986446848,54.94,37888,37,0,0,0,1572864000,1.46,volatile-ttl,1.01,264016,1.08,3289088,1,-180224,1.09,3406448,0,0,0,0,0,jemalloc-5.1.0,0,0,0,500000,0,1630896622,ok,-1,-1,0,0,0,0,-1,-1,ok,ok,0,3,1000000,47582,71500014,5048972,3322.41,235.92,0,0,0,0,0,0,0,0,742,499258,0,0,0,0,0,0,0,0,0,master,0,6756094080dee189f563c1b0b044892522197d61,0,0,-1,0,1048576,0,0,9.123684,3.945234,0,0,0,249666,0,0
6.2.1,0,0,c91470f75d7c181b,standalone,Linux 3.10.0-957.27.2.el7.x86_64 x86_64,64,epoll,atomic-builtin,4.8.5,24006,c909af619bd879ec96a7a9bc30bac85efdafee60,6379,22,0,16,16,3506720,/home/swredis/redis-sample-generation/redis-server,/home/swredis/redis-sample-generation/configfile/config10035.conf,1,32,0,0,38644392,36.85,42049536,40.1,38704616,36.91,99.84,12615400,531608,26028992,68.29,38658336,38932480,42209280,58986446848,54.94,37888,37,0,0,0,3040870400,2.83,allkeys-lfu,1.01,274144,1.08,3276800,1,-159744,1.09,3426928,0,0,0,0,0,jemalloc-5.1.0,0,0,0,500000,0,1630896650,ok,-1,-1,0,0,0,0,-1,-1,ok,ok,0,3,1000000,15805,71500014,5048972,1103.57,78.86,0,0,0,0,0,0,0,0,742,499258,0,0,0,0,0,0,0,0,0,master,0,9e87ae958d4e43356d5c185249d81b78aabce554,0,0,-1,0,1048576,0,0,8.879086,3.99624,0,0,0,249666,0,0
6.2.1,0,0,c91470f75d7c181b,standalone,Linux 3.10.0-957.27.2.el7.x86_64 x86_64,64,epoll,atomic-builtin,4.8.5,24661,1ce0dd4470801f407d39e524cf8a7da39fb125a9,6379,22,0,26,26,3506749,/home/swredis/redis-sample-generation/redis-server,/home/swredis/redis-sample-generation/configfile/config10036.conf,1,32,0,0,38644392,36.85,42029056,40.08,38704616,36.91,99.84,12615400,531608,26028992,68.29,38656368,38920192,42209280,58986446848,54.94,37888,37,0,0,0,2726297600,2.54,allkeys-random,1.01,263824,1.08,3289088,1,-180224,1.09,3406448,0,0,0,0,0,jemalloc-5.1.0,0,0,0,500000,0,1630896679,ok,-1,-1,0,0,0,0,-1,-1,ok,ok,0,3,1000000,27801,71500014,5049038,1941.24,138.08,0,0,0,0,0,0,0,0,743,499257,0,0,0,0,0,0,0,0,0,master,0,7e566037ce137dfc89fb40e0de7e2205052e55ac,0,0,-1,0,1048576,0,0,8.970222,4.022889,0,0,0,249666,0,0
6.2.1,0,0,c91470f75d7c181b,standalone,Linux 3.10.0-957.27.2.el7.x86_64 x86_64,64,epoll,atomic-builtin,4.8.5,25375,ebf83cadddfba0df3d0b479b66a20255d48e18b9,6379,22,0,19,19,3506777,/home/swredis/redis-sample-generation/redis-server,/home/swredis/redis-sample-generation/configfile/config10037.conf,1,32,0,0,38644392,36.85,42024960,40.08,38704616,36.91,99.84,12615400,531608,26028992,68.29,38657736,38932480,42209280,58986446848,54.94,37888,37,0,0,0,1258291200,1.17,volatile-lru,1.01,274744,1.08,3276800,1,-184320,1.09,3402352,0,0,0,0,0,jemalloc-5.1.0,0,0,0,500000,0,1630896707,ok,-1,-1,0,0,0,0,-1,-1,ok,ok,0,3,1000000,19778,71500014,5048972,1381.04,98.75,0,0,0,0,0,0,0,0,742,499258,0,0,0,0,0,0,0,0,0,master,0,a69f940e5ddb4c6ac9cfe8dab54c7786a791583b,0,0,-1,0,1048576,0,0,8.783739,3.998189,0,0,0,249666,0,0
6.2.1,0,0,c91470f75d7c181b,standalone,Linux 3.10.0-957.27.2.el7.x86_64 x86_64,64,epoll,atomic-builtin,4.8.5,26133,663c6dea2066dec7e25504bb755ec5a57b9712d9,6379,22,0,31,31,3506805,/home/swredis/redis-sample-generation/redis-server,/home/swredis/redis-sample-generation/configfile/config10038.conf,1,32,0,0,38644392,36.85,42049536,40.1,38704616,36.91,99.84,12615400,531608,26028992,68.29,38658328,38932480,42209280,58986446848,54.94,37888,37,0,0,0,2831155200,2.64,allkeys-random,1.01,274152,1.08,3276800,1,-159744,1.09,3468856,0,0,0,0,0,jemalloc-5.1.0,0,0,0,500000,0,1630896735,ok,-1,-1,0,0,0,0,-1,-1,ok,ok,0,3,1000000,34825,71500014,5049038,2431.62,173.07,0,0,0,0,0,0,0,0,743,499257,0,0,0,0,0,0,0,0,0,master,0,ae1c45d4ea253743a1e09f119d274740228e792f,0,0,-1,0,1048576,0,0,8.845084,4.092047,0,0,0,249666,0,0
6.2.1,0,0,c91470f75d7c181b,standalone,Linux 3.10.0-957.27.2.el7.x86_64 x86_64,64,epoll,atomic-builtin,4.8.5,26813,1972d276f42242a61b3edf8d7ddfb46f3d753a38,6379,25,0,6,6,3506837,/home/swredis/redis-sample-generation/redis-server,/home/swredis/redis-sample-generation/configfile/config10039.conf,1,32,0,0,38644392,36.85,42024960,40.08,38704616,36.91,99.84,12615400,531608,26028992,68.29,38740088,39022592,42209280,58986446848,54.94,37888,37,0,0,0,1887436800,1.76,allkeys-random,1.01,282504,1.08,3186688,1,-184320,1.09,3320448,0,0,0,0,0,jemalloc-5.1.0,0,0,0,500000,0,1630896764,ok,-1,-1,0,0,0,0,-1,-1,ok,ok,0,3,1000000,48407,71500014,5048972,3380.03,239.96,0,0,0,0,0,0,0,0,742,499258,0,0,0,0,0,0,0,0,0,master,0,b647707c141468db2fbac5a37a973b3d38270b21,0,0,-1,0,1048576,0,0,10.817826,4.658018,0,0,0,249666,0,0
6.2.1,0,0,c91470f75d7c181b,standalone,Linux 3.10.0-957.27.2.el7.x86_64 x86_64,64,epoll,atomic-builtin,4.8.5,27628,c67e52a5376ee8a045915adf9ca0da43f04c374a,6379,25,0,17,17,3506868,/home/swredis/redis-sample-generation/redis-server,/home/swredis/redis-sample-generation/configfile/config10040.conf,1,32,0,0,38644392,36.85,42020864,40.07,38704616,36.91,99.84,12615400,531608,26028992,68.29,38657928,38932480,42209280,58986446848,54.94,37888,37,0,0,0,1782579200,1.66,volatile-lfu,1.01,274552,1.08,3276800,1,-188416,1.09,3398256,0,0,0,0,0,jemalloc-5.1.0,0,0,0,500000,0,1630896795,ok,-1,-1,0,0,0,0,-1,-1,ok,ok,0,3,1000000,32897,71500014,5049038,2296.99,163.2,0,0,0,0,0,0,0,0,743,499257,0,0,0,0,0,0,0,0,0,master,0,226a335bb2db93ae502ad4d242baa9ea2e34a98a,0,0,-1,0,1048576,0,0,10.949822,4.650798,0,0,0,249666,0,0
6.2.1,0,0,c91470f75d7c181b,standalone,Linux 3.10.0-957.27.2.el7.x86_64 x86_64,64,epoll,atomic-builtin,4.8.5,28496,91a63feadd5a9bf9861a7a1d97eab3df03bca688,6379,22,0,3,3,3506896,/home/swredis/redis-sample-generation/redis-server,/home/swredis/redis-sample-generation/configfile/config10041.conf,1,32,0,0,38644392,36.85,42029056,40.08,38704616,36.91,99.84,12615400,531608,26028992,68.29,38658192,38932480,42209280,58986446848,54.94,37888,37,0,0,0,1468006400,1.37,allkeys-random,1.01,274288,1.08,3276800,1,-180224,1.09,3406448,0,0,0,0,0,jemalloc-5.1.0,0,0,0,500000,0,1630896826,ok,-1,-1,0,0,0,0,-1,-1,ok,ok,0,3,1000000,54211,71500014,5048972,3785.32,268.86,0,0,0,0,0,0,0,0,742,499258,0,0,0,0,0,0,0,0,0,master,0,b1e70004b797b91970a4eddfa0faacb567b9d753,0,0,-1,0,1048576,0,0,8.823563,3.957673,0,0,0,249666,0,0
6.2.1,0,0,c91470f75d7c181b,standalone,Linux 3.10.0-957.27.2.el7.x86_64 x86_64,64,epoll,atomic-builtin,4.8.5,29319,32e7a2b0c6652f2f9fbe84924641019e1a2101e1,6379,22,0,10,10,3506925,/home/swredis/redis-sample-generation/redis-server,/home/swredis/redis-sample-generation/configfile/config10042.conf,1,32,0,0,38644392,36.85,42033152,40.09,38704616,36.91,99.84,12615400,531608,26028992,68.29,38658192,38932480,44310528,58986446848,54.94,37888,37,0,0,0,1153433600,1.07,allkeys-random,1.01,274288,1.14,5378048,0.95,-2277376,1.09,3410544,0,0,0,0,0,jemalloc-5.1.0,0,0,0,500000,0,1630896855,ok,-1,-1,0,0,0,0,-1,-1,ok,ok,0,3,1000000,49663,71500014,5048972,3467.66,246.2,0,0,0,0,0,0,0,0,742,499258,0,0,0,0,0,0,0,0,0,master,0,e8841e131df17c0e80e78c1197a2007102ffdd54,0,0,-1,0,1048576,0,0,8.759716,3.997758,0,0,0,249666,0,0
6.2.1,0,0,c91470f75d7c181b,standalone,Linux 3.10.0-957.27.2.el7.x86_64 x86_64,64,epoll,atomic-builtin,4.8.5,30074,c6944950ca84f8ddb364131b662505a48cf40be6,6379,22,0,34,34,3506953,/home/swredis/redis-sample-generation/redis-server,/home/swredis/redis-sample-generation/configfile/config10043.conf,1,32,0,0,38644392,36.85,42045440,40.1,38704616,36.91,99.84,12615400,531608,26028992,68.29,38656728,38920192,42196992,58986446848,54.94,37888,37,0,0,0,1887436800,1.76,noeviction,1.01,263464,1.08,3276800,1,-151552,1.09,3422832,0,0,0,0,0,jemalloc-5.1.0,0,0,0,500000,0,1630896883,ok,-1,-1,0,0,0,0,-1,-1,ok,ok,0,3,1000000,42099,71500014,5048972,2939.55,209.18,0,0,0,0,0,0,0,0,742,499258,0,0,0,0,0,0,0,0,0,master,0,44a1841769ab32ca9ee7153f4ea787ea98e83594,0,0,-1,0,1048576,0,0,8.964116,4.100159,0,0,0,249666,0,0
6.2.1,0,0,c91470f75d7c181b,standalone,Linux 3.10.0-957.27.2.el7.x86_64 x86_64,64,epoll,atomic-builtin,4.8.5,30867,205ca30873fda1fe8b17378185cf81541d0e02c1,6379,21,0,7,7,3506980,/home/swredis/redis-sample-generation/redis-server,/home/swredis/redis-sample-generation/configfile/config10044.conf,1,32,0,0,38644392,36.85,42041344,40.09,38704616,36.91,99.84,12615400,531608,26028992,68.29,38658192,38932480,44310528,58986446848,54.94,37888,37,0,0,0,1468006400,1.37,allkeys-lfu,1.01,274288,1.14,5378048,0.95,-2269184,1.09,3418736,0,0,0,0,0,jemalloc-5.1.0,0,0,0,500000,0,1630896911,ok,-1,-1,0,0,0,0,-1,-1,ok,ok,0,3,1000000,58593,71500014,5049038,4091.26,290.55,0,0,0,0,0,0,0,0,743,499257,0,0,0,0,0,0,0,0,0,master,0,214a92dbe0d92f4a3cfe5843d355f5b40a9c39ba,0,0,-1,0,1048576,0,0,8.51937,3.864209,0,0,0,249666,0,0
6.2.1,0,0,c91470f75d7c181b,standalone,Linux 3.10.0-957.27.2.el7.x86_64 x86_64,64,epoll,atomic-builtin,4.8.5,31674,89e44e3a5bd4bea8e099c7edfce604f6ccd274fc,6379,22,0,40,40,3507009,/home/swredis/redis-sample-generation/redis-server,/home/swredis/redis-sample-generation/configfile/config10045.conf,1,32,0,0,38644392,36.85,42037248,40.09,38704616,36.91,99.84,12615400,531608,26028992,68.29,38658352,38932480,42209280,58986446848,54.94,37888,37,0,0,0,3040870400,2.83,volatile-lru,1.01,274128,1.08,3276800,1,-172032,1.09,3414640,0,0,0,0,0,jemalloc-5.1.0,0,0,0,500000,0,1630896939,ok,-1,-1,0,0,0,0,-1,-1,ok,ok,0,3,1000000,38094,71500014,5049038,2659.89,189.23,0,0,0,0,0,0,0,0,743,499257,0,0,0,0,0,0,0,0,0,master,0,9cfca10c6a9aa658428d2642e951bb57c6c85635,0,0,-1,0,1048576,0,0,8.706997,4.0452,0,0,0,249666,0,0
6.2.1,0,0,c91470f75d7c181b,standalone,Linux 3.10.0-957.27.2.el7.x86_64 x86_64,64,epoll,atomic-builtin,4.8.5,32490,be473d5deb8a34817a901eda334b5767def03ab5,6379,22,0,6,6,3507037,/home/swredis/redis-sample-generation/redis-server,/home/swredis/redis-sample-generation/configfile/config10046.conf,1,32,0,0,38644392,36.85,42090496,40.14,38704616,36.91,99.84,12615400,531608,26028992,68.29,38655704,38920192,42209280,58986446848,54.94,37888,37,0,0,0,2621440000,2.44,allkeys-lru,1.01,264488,1.08,3289088,1,-118784,1.09,3467888,0,0,0,0,0,jemalloc-5.1.0,0,0,0,500000,0,1630896967,ok,-1,-1,0,0,0,0,-1,-1,ok,ok,0,3,1000000,55265,71500014,5048972,3858.89,274.22,0,0,0,0,0,0,0,0,742,499258,0,0,0,0,0,0,0,0,0,master,0,e3d7528d3d9fbf13ce0e70fb3fa130a74aa2d42e,0,0,-1,0,1048576,0,0,8.853233,3.927701,0,0,0,249666,0,0
6.2.1,0,0,c91470f75d7c181b,standalone,Linux 3.10.0-957.27.2.el7.x86_64 x86_64,64,epoll,atomic-builtin,4.8.5,854,15d13f54475446ea1b212908ca4ecd2a1816cdbe,6379,22,0,17,17,3507065,/home/swredis/redis-sample-generation/redis-server,/home/swredis/redis-sample-generation/configfile/config10047.conf,1,32,0,0,38644392,36.85,42029056,40.08,38704616,36.91,99.84,12615400,531608,26028992,68.29,38656320,38920192,42209280,58986446848,54.94,37888,37,0,0,0,1782579200,1.66,noeviction,1.01,263872,1.08,3289088,1,-180224,1.09,3406448,0,0,0,0,0,jemalloc-5.1.0,0,0,0,500000,0,1630896995,ok,-1,-1,0,0,0,0,-1,-1,ok,ok,0,3,1000000,15190,71500014,5048972,1060.68,75.83,0,0,0,0,0,0,0,0,742,499258,0,0,0,0,0,0,0,0,0,master,0,d09a8c93dc3c6c8fd5196305c58b475f85d3573c,0,0,-1,0,1048576,0,0,8.77332,3.847892,0,0,0,249666,0,0
6.2.1,0,0,c91470f75d7c181b,standalone,Linux 3.10.0-957.27.2.el7.x86_64 x86_64,64,epoll,atomic-builtin,4.8.5,1727,1e06a3136e2b7f6d817c7ad0b8c71c9e3ae89114,6379,22,0,29,29,3507093,/home/swredis/redis-sample-generation/redis-server,/home/swredis/redis-sample-generation/configfile/config10048.conf,1,32,0,0,38644392,36.85,42004480,40.06,38704616,36.91,99.84,12615400,531608,26028992,68.29,38656240,38920192,42209280,58986446848,54.94,37888,37,0,0,0,2411724800,2.25,volatile-lru,1.01,263952,1.08,3289088,1,-204800,1.09,3381872,0,0,0,0,0,jemalloc-5.1.0,0,0,0,500000,0,1630897023,ok,-1,-1,0,0,0,0,-1,-1,ok,ok,0,3,1000000,15344,71500014,5048972,1071.44,76.58,0,0,0,0,0,0,0,0,742,499258,0,0,0,0,0,0,0,0,0,master,0,f321af6bdf95880b3c6e36ac27e7239de8120da0,0,0,-1,0,1048576,0,0,8.82762,3.856861,0,0,0,249666,0,0
6.2.1,0,0,c91470f75d7c181b,standalone,Linux 3.10.0-957.27.2.el7.x86_64 x86_64,64,epoll,atomic-builtin,4.8.5,2512,c1c1efc2bb639428be770a9974441799f2c688e9,6379,22,0,18,18,3507122,/home/swredis/redis-sample-generation/redis-server,/home/swredis/redis-sample-generation/configfile/config10049.conf,1,32,0,0,38644392,36.85,42057728,40.11,38704616,36.91,99.84,12615400,531608,26028992,68.29,38658384,38932480,42209280,58986446848,54.94,37888,37,0,0,0,1887436800,1.76,volatile-lru,1.01,274096,1.08,3276800,1,-151552,1.09,3435120,0,0,0,0,0,jemalloc-5.1.0,0,0,0,500000,0,1630897052,ok,-1,-1,0,0,0,0,-1,-1,ok,ok,0,3,1000000,48491,71500014,5048972,3385.85,241.1,0,0,0,0,0,0,0,0,742,499258,0,0,0,0,0,0,0,0,0,master,0,fae234f57c897a07437d3b8dff986dbf26812a40,0,0,-1,0,1048576,0,0,9.041182,3.954094,0,0,0,249666,0,0
6.2.1,0,0,c91470f75d7c181b,standalone,Linux 3.10.0-957.27.2.el7.x86_64 x86_64,64,epoll,atomic-builtin,4.8.5,3387,cbbd5cc1721f2d8f50d591d21b7cbd0cb2262f27,6379,21,0,8,8,3507149,/home/swredis/redis-sample-generation/redis-server,/home/swredis/redis-sample-generation/configfile/config10050.conf,1,32,0,0,38644392,36.85,41754624,39.82,38704616,36.91,99.84,12615400,531608,26028992,68.29,38680280,38948864,42135552,58986446848,54.94,37888,37,0,0,0,2097152000,1.95,noeviction,1.01,268584,1.08,3186688,0.99,-380928,1.08,3110712,0,0,0,0,0,jemalloc-5.1.0,0,0,0,500000,0,1630897080,ok,-1,-1,0,0,0,0,-1,-1,ok,ok,0,3,1000000,65430,71500014,5048972,4568.64,324.31,0,0,0,0,0,0,0,0,742,499258,0,0,0,0,0,0,0,0,0,master,0,9038604e5411505f299e0141bbff57885b6e3347,0,0,-1,0,1048576,0,0,8.623458,3.958359,0,0,0,249666,0,0
6.2.1,0,0,c91470f75d7c181b,standalone,Linux 3.10.0-957.27.2.el7.x86_64 x86_64,64,epoll,atomic-builtin,4.8.5,4376,ecca3fd142af7d1a4794684d9d8a6e1dcbb4293e,6379,22,0,12,12,3507177,/home/swredis/redis-sample-generation/redis-server,/home/swredis/redis-sample-generation/configfile/config10051.conf,1,32,0,0,38644392,36.85,41955328,40.01,38704616,36.91,99.84,12615400,531608,26028992,68.29,38657936,38932480,44310528,58986446848,54.94,37888,37,0,0,0,1048576000,1000,noeviction,1.01,274544,1.14,5378048,0.95,-2355200,1.09,3374648,0,0,0,0,0,jemalloc-5.1.0,0,0,0,500000,0,1630897107,ok,-1,-1,0,0,0,0,-1,-1,ok,ok,0,3,1000000,42385,71500014,5048972,2959.54,210.55,0,0,0,0,0,0,0,0,742,499258,0,0,0,0,0,0,0,0,0,master,0,718a8c2cf26207d5d077e40e6805425be4639699,0,0,-1,0,1048576,0,0,8.995353,4.010793,0,0,0,249666,0,0
6.2.1,0,0,c91470f75d7c181b,standalone,Linux 3.10.0-957.27.2.el7.x86_64 x86_64,64,epoll,atomic-builtin,4.8.5,5171,4f064c03271768ca6805c5e6f336f960edae3db0,6379,22,0,24,24,3507206,/home/swredis/redis-sample-generation/redis-server,/home/swredis/redis-sample-generation/configfile/config10052.conf,1,32,0,0,38644392,36.85,42037248,40.09,38704616,36.91,99.84,12615400,531608,26028992,68.29,38656000,38920192,44298240,58986446848,54.94,37888,37,0,0,0,2411724800,2.25,volatile-ttl,1.01,264192,1.14,5378048,0.95,-2260992,1.09,3414640,0,0,0,0,0,jemalloc-5.1.0,0,0,0,500000,0,1630897136,ok,-1,-1,0,0,0,0,-1,-1,ok,ok,0,3,1000000,26665,71500014,5049038,1861.89,132.57,0,0,0,0,0,0,0,0,743,499257,0,0,0,0,0,0,0,0,0,master,0,2732ecc1d836d6561408819595915ba28eed8b9d,0,0,-1,0,1048576,0,0,8.69171,3.989482,0,0,0,249666,0,0
6.2.1,0,0,c91470f75d7c181b,standalone,Linux 3.10.0-957.27.2.el7.x86_64 x86_64,64,epoll,atomic-builtin,4.8.5,6014,380084ddb4d931781edbf52416caf1111dc3dfe8,6379,22,0,28,28,3507234,/home/swredis/redis-sample-generation/redis-server,/home/swredis/redis-sample-generation/configfile/config10053.conf,1,32,0,0,38644392,36.85,42045440,40.1,38704640,36.91,99.84,12615400,531608,26028992,68.29,38658520,38932480,42209280,58986446848,54.94,37888,37,0,0,0,2831155200,2.64,allkeys-lru,1.01,273960,1.08,3276800,1,-163840,1.09,3422832,0,0,0,0,0,jemalloc-5.1.0,0,0,0,500000,0,1630897164,ok,-1,-1,0,0,0,0,-1,-1,ok,ok,0,3,1000000,30948,71500014,5049038,2160.93,153.88,0,0,0,0,0,0,0,0,743,499257,0,0,0,0,0,0,0,0,0,master,0,18cb99c2738c9287cc59a7bb2b35ea07d91cb0ef,0,0,-1,0,1048576,0,0,8.797568,3.964683,0,0,0,249666,0,0
6.2.1,0,0,c91470f75d7c181b,standalone,Linux 3.10.0-957.27.2.el7.x86_64 x86_64,64,epoll,atomic-builtin,4.8.5,6813,c990f87fb1c7615f535dce96495198b23d3e0631,6379,21,0,9,9,3507262,/home/swredis/redis-sample-generation/redis-server,/home/swredis/redis-sample-generation/configfile/config10054.conf,1,32,0,0,38644392,36.85,42029056,40.08,38704616,36.91,99.84,12615400,531608,26028992,68.29,38740280,39022592,42209280,58986446848,54.94,37888,37,0,0,0,3040870400,2.83,volatile-ttl,1.01,282312,1.08,3186688,1,-180224,1.09,3324544,0,0,0,0,0,jemalloc-5.1.0,0,0,0,500000,0,1630897193,ok,-1,-1,0,0,0,0,-1,-1,ok,ok,0,3,1000000,63696,71500014,5048972,4447.59,315.84,0,0,0,0,0,0,0,0,742,499258,0,0,0,0,0,0,0,0,0,master,0,c73f903d6e627152c3a9a9cfaafc6b4f2729602f,0,0,-1,0,1048576,0,0,8.560713,3.809611,0,0,0,249666,0,0
6.2.1,0,0,c91470f75d7c181b,standalone,Linux 3.10.0-957.27.2.el7.x86_64 x86_64,64,epoll,atomic-builtin,4.8.5,7617,020faf2196b5b73b875a721f4d56232edaba8fa7,6379,22,0,17,17,3507290,/home/swredis/redis-sample-generation/redis-server,/home/swredis/redis-sample-generation/configfile/config10055.conf,1,32,0,0,38644392,36.85,42041344,40.09,38704616,36.91,99.84,12615400,531608,26028992,68.29,38658328,38932480,42209280,58986446848,54.94,37888,37,0,0,0,1468006400,1.37,volatile-ttl,1.01,274152,1.08,3276800,1,-167936,1.09,3418736,0,0,0,0,0,jemalloc-5.1.0,0,0,0,500000,0,1630897220,ok,-1,-1,0,0,0,0,-1,-1,ok,ok,0,3,1000000,28112,71500014,5048972,1962.85,139.63,0,0,0,0,0,0,0,0,742,499258,0,0,0,0,0,0,0,0,0,master,0,68db47de47b4e0db9d7b9756ed082828183c98b1,0,0,-1,0,1048576,0,0,9.130753,3.958723,0,0,0,249666,0,0
6.2.1,0,0,c91470f75d7c181b,standalone,Linux 3.10.0-957.27.2.el7.x86_64 x86_64,64,epoll,atomic-builtin,4.8.5,8459,2ad67ad9aedddc2427558a3f687f3200aac5b1d8,6379,22,0,1,1,3507318,/home/swredis/redis-sample-generation/redis-server,/home/swredis/redis-sample-generation/configfile/config10056.conf,1,32,0,0,38644392,36.85,42033152,40.09,38704616,36.91,99.84,12615400,531608,26028992,68.29,38658168,38932480,42209280,58986446848,54.94,37888,37,0,0,0,1782579200,1.66,volatile-lfu,1.01,274312,1.08,3276800,1,-176128,1.09,3452472,0,0,0,0,0,jemalloc-5.1.0,0,0,0,500000,0,1630897248,ok,-1,-1,0,0,0,0,-1,-1,ok,ok,0,3,1000000,58753,71500014,5048972,4102.42,289.87,0,0,0,0,0,0,0,0,742,499258,0,0,0,0,0,0,0,0,0,master,0,2a51f0bde0a0256f4ec50bb812eeffda3216f818,0,0,-1,0,1048576,0,0,8.822334,3.971292,0,0,0,249666,0,0
6.2.1,0,0,c91470f75d7c181b,standalone,Linux 3.10.0-957.27.2.el7.x86_64 x86_64,64,epoll,atomic-builtin,4.8.5,9280,5650d4486481080c1bfc490b7f2b5f835dff2875,6379,22,0,10,10,3507346,/home/swredis/redis-sample-generation/redis-server,/home/swredis/redis-sample-generation/configfile/config10057.conf,1,32,0,0,38644392,36.85,42045440,40.1,38704616,36.91,99.84,12615400,531608,26028992,68.29,38655728,38920192,42196992,58986446848,54.94,37888,37,0,0,0,1992294400,1.86,allkeys-lru,1.01,264464,1.08,3276800,1,-151552,1.09,3422832,0,0,0,0,0,jemalloc-5.1.0,0,0,0,500000,0,1630897277,ok,-1,-1,0,0,0,0,-1,-1,ok,ok,0,3,1000000,31198,71500014,5048972,2178.43,155,0,0,0,0,0,0,0,0,742,499258,0,0,0,0,0,0,0,0,0,master,0,33057c9a82d9ac91d2e95e308a02d763448ce75b,0,0,-1,0,1048576,0,0,8.5527,3.996267,0,0,0,249666,0,0
6.2.1,0,0,c91470f75d7c181b,standalone,Linux 3.10.0-957.27.2.el7.x86_64 x86_64,64,epoll,atomic-builtin,4.8.5,10100,ee0a0c0591cf5e92a6a141fda31e13f5e4488d5d,6379,22,0,28,28,3507375,/home/swredis/redis-sample-generation/redis-server,/home/swredis/redis-sample-generation/configfile/config10058.conf,1,32,0,0,38644392,36.85,42029056,40.08,38704616,36.91,99.84,12615400,531608,26028992,68.29,38657904,38932480,42209280,58986446848,54.94,37888,37,0,0,0,2621440000,2.44,volatile-random,1.01,274576,1.08,3276800,1,-180224,1.09,3406448,0,0,0,0,0,jemalloc-5.1.0,0,0,0,500000,0,1630897305,ok,-1,-1,0,0,0,0,-1,-1,ok,ok,0,3,1000000,22897,71500014,5048972,1598.75,113.75,0,0,0,0,0,0,0,0,742,499258,0,0,0,0,0,0,0,0,0,master,0,fa475847de1a77a75ca6dc634d0bba233379864e,0,0,-1,0,1048576,0,0,8.973494,4.001919,0,0,0,249666,0,0
6.2.1,0,0,c91470f75d7c181b,standalone,Linux 3.10.0-957.27.2.el7.x86_64 x86_64,64,epoll,atomic-builtin,4.8.5,10906,0e55149f730edfc74a2185170f51651cbbf0525a,6379,22,0,33,33,3507403,/home/swredis/redis-sample-generation/redis-server,/home/swredis/redis-sample-generation/configfile/config10059.conf,1,32,0,0,38644392,36.85,42037248,40.09,38704616,36.91,99.84,12615400,531608,26028992,68.29,38658520,38932480,44310528,58986446848,54.94,37888,37,0,0,0,1258291200,1.17,noeviction,1.01,273960,1.14,5378048,0.95,-2273280,1.09,3414640,0,0,0,0,0,jemalloc-5.1.0,0,0,0,500000,0,1630897333,ok,-1,-1,0,0,0,0,-1,-1,ok,ok,0,3,1000000,38506,71500014,5048972,2688.72,191.24,0,0,0,0,0,0,0,0,742,499258,0,0,0,0,0,0,0,0,0,master,0,dbaac30195ed1dafaf8b199f04ee213196f7a3ac,0,0,-1,0,1048576,0,0,8.784117,3.912814,0,0,0,249666,0,0
6.2.1,0,0,c91470f75d7c181b,standalone,Linux 3.10.0-957.27.2.el7.x86_64 x86_64,64,epoll,atomic-builtin,4.8.5,11778,df14bf12d1d4b49d8f8389497c434c0aa6e2817d,6379,23,0,37,37,3507431,/home/swredis/redis-sample-generation/redis-server,/home/swredis/redis-sample-generation/configfile/config10060.conf,1,32,0,0,38644392,36.85,41984000,40.04,38704616,36.91,99.84,12615400,531608,26028992,68.29,38655712,38920192,42209280,58986446848,54.94,37888,37,0,0,0,2202009600,2.05,allkeys-random,1.01,264480,1.08,3289088,0.99,-225280,1.09,3361392,0,0,0,0,0,jemalloc-5.1.0,0,0,0,500000,0,1630897361,ok,-1,-1,0,0,0,0,-1,-1,ok,ok,0,3,1000000,37235,71500014,5049038,2599.94,184.9,0,0,0,0,0,0,0,0,743,499257,0,0,0,0,0,0,0,0,0,master,0,03dbf21802f167997810ea6faee46507f26bba60,0,0,-1,0,1048576,0,0,9.010078,4.089398,0,0,0,249666,0,0
6.2.1,0,0,c91470f75d7c181b,standalone,Linux 3.10.0-957.27.2.el7.x86_64 x86_64,64,epoll,atomic-builtin,4.8.5,12725,bde03cc95714ed37f87b18c1855d70c454c5ea79,6379,22,0,15,15,3507460,/home/swredis/redis-sample-generation/redis-server,/home/swredis/redis-sample-generation/configfile/config10061.conf,1,32,0,0,38644392,36.85,42008576,40.06,38704616,36.91,99.84,12615400,531608,26028992,68.29,38656928,38920192,42196992,58986446848,54.94,37888,37,0,0,0,1992294400,1.86,allkeys-lfu,1.01,263264,1.08,3276800,1,-188416,1.09,3427896,0,0,0,0,0,jemalloc-5.1.0,0,0,0,500000,0,1630897390,ok,-1,-1,0,0,0,0,-1,-1,ok,ok,0,3,1000000,10810,71500014,5049038,754.84,54.01,0,0,0,0,0,0,0,0,743,499257,0,0,0,0,0,0,0,0,0,master,0,d795e58914c114464d8d63a5b8e267d703c249e4,0,0,-1,0,1048576,0,0,8.86175,3.843695,0,0,0,249666,0,0
6.2.1,0,0,c91470f75d7c181b,standalone,Linux 3.10.0-957.27.2.el7.x86_64 x86_64,64,epoll,atomic-builtin,4.8.5,13580,1ce97a08429f0918ff39a6d0412ad8107d110b04,6379,22,0,11,11,3507488,/home/swredis/redis-sample-generation/redis-server,/home/swredis/redis-sample-generation/configfile/config10062.conf,1,32,0,0,38644392,36.85,42033152,40.09,38704616,36.91,99.84,12615400,531608,26028992,68.29,38658520,38932480,42209280,58986446848,54.94,37888,37,0,0,0,1992294400,1.86,volatile-lfu,1.01,273960,1.08,3276800,1,-176128,1.09,3410544,0,0,0,0,0,jemalloc-5.1.0,0,0,0,500000,0,1630897418,ok,-1,-1,0,0,0,0,-1,-1,ok,ok,0,3,1000000,27489,71500014,5048972,1919.45,136.46,0,0,0,0,0,0,0,0,742,499258,0,0,0,0,0,0,0,0,0,master,0,a0f2f070546427bce4bb500e969549dc8f11e622,0,0,-1,0,1048576,0,0,8.63337,3.983513,0,0,0,249666,0,0
6.2.1,0,0,c91470f75d7c181b,standalone,Linux 3.10.0-957.27.2.el7.x86_64 x86_64,64,epoll,atomic-builtin,4.8.5,14480,db878515de3c73aa82158d90b1f5dd519f6b08d4,6379,22,0,30,30,3507516,/home/swredis/redis-sample-generation/redis-server,/home/swredis/redis-sample-generation/configfile/config10063.conf,1,32,0,0,38644392,36.85,41984000,40.04,38704616,36.91,99.84,12615400,531608,26028992,68.29,38658496,38932480,42209280,58986446848,54.94,37888,37,0,0,0,2306867200,2.15,allkeys-random,1.01,273984,1.08,3276800,0.99,-225280,1.09,3403320,0,0,0,0,0,jemalloc-5.1.0,0,0,0,500000,0,1630897446,ok,-1,-1,0,0,0,0,-1,-1,ok,ok,0,3,1000000,28622,71500014,5049038,1998.56,142.29,0,0,0,0,0,0,0,0,743,499257,0,0,0,0,0,0,0,0,0,master,0,35c5d8da5e6b58edb67ff980f33db7c58747678b,0,0,-1,0,1048576,0,0,8.767186,3.920371,0,0,0,249666,0,0
6.2.1,0,0,c91470f75d7c181b,standalone,Linux 3.10.0-957.27.2.el7.x86_64 x86_64,64,epoll,atomic-builtin,4.8.5,15342,48fa380e80380f6a6a6a7eda653960a66a1e11d5,6379,22,0,33,33,3507545,/home/swredis/redis-sample-generation/redis-server,/home/swredis/redis-sample-generation/configfile/config10064.conf,1,32,0,0,38644392,36.85,42033152,40.09,38704616,36.91,99.84,12615400,531608,26028992,68.29,38657928,38932480,42209280,58986446848,54.94,37888,37,0,0,0,2411724800,2.25,allkeys-lfu,1.01,274552,1.08,3276800,1,-176128,1.09,3410544,0,0,0,0,0,jemalloc-5.1.0,0,0,0,500000,0,1630897475,ok,-1,-1,0,0,0,0,-1,-1,ok,ok,0,3,1000000,32353,71500014,5049038,2259.07,160.75,0,0,0,0,0,0,0,0,743,499257,0,0,0,0,0,0,0,0,0,master,0,6849d2bf37e6ed001bd9db04e81834e2d8508a34,0,0,-1,0,1048576,0,0,8.919769,4.060412,0,0,0,249666,0,0
6.2.1,0,0,c91470f75d7c181b,standalone,Linux 3.10.0-957.27.2.el7.x86_64 x86_64,64,epoll,atomic-builtin,4.8.5,16247,270515c74d4ea643b4b92eac5183f470b5c3cace,6379,22,0,19,19,3507573,/home/swredis/redis-sample-generation/redis-server,/home/swredis/redis-sample-generation/configfile/config10065.conf,1,32,0,0,38644392,36.85,42037248,40.09,38704616,36.91,99.84,12615400,531608,26028992,68.29,38655744,38920192,42209280,58986446848,54.94,37888,37,0,0,0,3040870400,2.83,volatile-lru,1.01,264448,1.08,3289088,1,-172032,1.09,3414640,0,0,0,0,0,jemalloc-5.1.0,0,0,0,500000,0,1630897503,ok,-1,-1,0,0,0,0,-1,-1,ok,ok,0,3,1000000,3573,71500014,5049038,249.55,17.91,0,0,0,0,0,0,0,0,743,499257,0,0,0,0,0,0,0,0,0,master,0,d16dc729838943d7ae3dd42c448dd0f4fc19e619,0,0,-1,0,1048576,0,0,8.781989,3.991666,0,0,0,249666,0,0
6.2.1,0,0,c91470f75d7c181b,standalone,Linux 3.10.0-957.27.2.el7.x86_64 x86_64,64,epoll,atomic-builtin,4.8.5,17154,9c4be5a1ba12e0446b2b336fb0006b1756779c7d,6379,22,0,19,19,3507601,/home/swredis/redis-sample-generation/redis-server,/home/swredis/redis-sample-generation/configfile/config10066.conf,1,32,0,0,38644392,36.85,42037248,40.09,38704616,36.91,99.84,12615400,531608,26028992,68.29,38658128,38932480,42209280,58986446848,54.94,37888,37,0,0,0,2411724800,2.25,allkeys-lru,1.01,274352,1.08,3276800,1,-172032,1.09,3414640,0,0,0,0,0,jemalloc-5.1.0,0,0,0,500000,0,1630897531,ok,-1,-1,0,0,0,0,-1,-1,ok,ok,0,3,1000000,22871,71500014,5048972,1596.93,114.16,0,0,0,0,0,0,0,0,742,499258,0,0,0,0,0,0,0,0,0,master,0,aa76f54d1ba4c219ff7f6a0536d883ae75563e6f,0,0,-1,0,1048576,0,0,9.134985,4.057327,0,0,0,249666,0,0
6.2.1,0,0,c91470f75d7c181b,standalone,Linux 3.10.0-957.27.2.el7.x86_64 x86_64,64,epoll,atomic-builtin,4.8.5,18090,1db917443493079de80d937ef48cac2df137d7a7,6379,22,0,29,29,3507630,/home/swredis/redis-sample-generation/redis-server,/home/swredis/redis-sample-generation/configfile/config10067.conf,1,32,0,0,38644392,36.85,42016768,40.07,38704616,36.91,99.84,12615400,531608,26028992,68.29,38656368,38920192,42209280,58986446848,54.94,37888,37,0,0,0,2097152000,1.95,allkeys-lfu,1.01,263824,1.08,3289088,1,-192512,1.09,3394160,0,0,0,0,0,jemalloc-5.1.0,0,0,0,500000,0,1630897560,ok,-1,-1,0,0,0,0,-1,-1,ok,ok,0,3,1000000,18317,71500014,5048972,1279,91.4,0,0,0,0,0,0,0,0,742,499258,0,0,0,0,0,0,0,0,0,master,0,16060399cd6a2dbc779a937fee285860d4f53b18,0,0,-1,0,1048576,0,0,8.765155,3.93395,0,0,0,249666,0,0
6.2.1,0,0,c91470f75d7c181b,standalone,Linux 3.10.0-957.27.2.el7.x86_64 x86_64,64,epoll,atomic-builtin,4.8.5,19088,29973d7f184ab71cb1eb559ebd87244323770003,6379,22,0,20,20,3507658,/home/swredis/redis-sample-generation/redis-server,/home/swredis/redis-sample-generation/configfile/config10068.conf,1,32,0,0,38644392,36.85,42016768,40.07,38704616,36.91,99.84,12615400,531608,26028992,68.29,38655592,38920192,44310528,58986446848,54.94,37888,37,0,0,0,1153433600,1.07,allkeys-lru,1.01,264600,1.14,5390336,0.95,-2293760,1.09,3394160,0,0,0,0,0,jemalloc-5.1.0,0,0,0,500000,0,1630897588,ok,-1,-1,0,0,0,0,-1,-1,ok,ok,0,3,1000000,39430,71500014,5049104,2753.22,195.79,0,0,0,0,0,0,0,0,744,499256,0,0,0,0,0,0,0,0,0,master,0,f9b90f6ff3db43ddeaae010f19d0cc6134a1a27d,0,0,-1,0,1048576,0,0,8.837085,3.972094,0,0,0,249666,0,0
6.2.1,0,0,c91470f75d7c181b,standalone,Linux 3.10.0-957.27.2.el7.x86_64 x86_64,64,epoll,atomic-builtin,4.8.5,20031,e7b9e52899bb0acc55fabe95624436abd96eef14,6379,22,0,14,14,3507686,/home/swredis/redis-sample-generation/redis-server,/home/swredis/redis-sample-generation/configfile/config10069.conf,1,32,0,0,38644392,36.85,42012672,40.07,38704616,36.91,99.84,12615400,531608,26028992,68.29,38656088,38920192,42196992,58986446848,54.94,37888,37,0,0,0,1887436800,1.76,noeviction,1.01,264104,1.08,3276800,1,-184320,1.09,3390064,0,0,0,0,0,jemalloc-5.1.0,0,0,0,500000,0,1630897616,ok,-1,-1,0,0,0,0,-1,-1,ok,ok,0,3,1000000,43135,71500014,5048972,3011.86,214.19,0,0,0,0,0,0,0,0,742,499258,0,0,0,0,0,0,0,0,0,master,0,17886aa7afb9e4479888d0eb963656f669462d3e,0,0,-1,0,1048576,0,0,9.023698,3.869538,0,0,0,249666,0,0
6.2.1,0,0,c91470f75d7c181b,standalone,Linux 3.10.0-957.27.2.el7.x86_64 x86_64,64,epoll,atomic-builtin,4.8.5,21025,21db20e9f1658bbf7e13965938f7d0416bf81496,6379,22,0,8,8,3507715,/home/swredis/redis-sample-generation/redis-server,/home/swredis/redis-sample-generation/configfile/config10070.conf,1,32,0,0,38644392,36.85,41787392,39.85,38704616,36.91,99.84,12615400,531608,26028992,68.29,38656344,38920192,42196992,58986446848,54.94,37888,37,0,0,0,2726297600,2.54,allkeys-lfu,1.01,263848,1.08,3276800,0.99,-409600,1.08,3164784,0,0,0,0,0,jemalloc-5.1.0,0,0,0,500000,0,1630897645,ok,-1,-1,0,0,0,0,-1,-1,ok,ok,0,3,1000000,42881,71500014,5048972,2994.15,212.6,0,0,0,0,0,0,0,0,742,499258,0,0,0,0,0,0,0,0,0,master,0,c6fca92be76fe50736d8acaf5cbf897dc899413a,0,0,-1,0,1048576,0,0,8.808001,4.009848,0,0,0,249666,0,0
6.2.1,0,0,c91470f75d7c181b,standalone,Linux 3.10.0-957.27.2.el7.x86_64 x86_64,64,epoll,atomic-builtin,4.8.5,21997,c7a2f9432d791e420c26b8979bb4c3fa48c1c9be,6379,22,0,7,7,3507743,/home/swredis/redis-sample-generation/redis-server,/home/swredis/redis-sample-generation/configfile/config10071.conf,1,32,0,0,38644392,36.85,42041344,40.09,38704616,36.91,99.84,12615400,531608,26028992,68.29,38658384,38932480,42209280,58986446848,54.94,37888,37,0,0,0,2411724800,2.25,volatile-lru,1.01,274096,1.08,3276800,1,-167936,1.09,3418736,0,0,0,0,0,jemalloc-5.1.0,0,0,0,500000,0,1630897673,ok,-1,-1,0,0,0,0,-1,-1,ok,ok,0,3,1000000,57311,71500014,5049038,4001.73,284.09,0,0,0,0,0,0,0,0,743,499257,0,0,0,0,0,0,0,0,0,master,0,6148548b009e5647e064400204b6331ef8be29dc,0,0,-1,0,1048576,0,0,8.963745,4.033371,0,0,0,249666,0,0
6.2.1,0,0,c91470f75d7c181b,standalone,Linux 3.10.0-957.27.2.el7.x86_64 x86_64,64,epoll,atomic-builtin,4.8.5,23028,30d10fcb154e6112edf5752afe0bec3b27ff93ca,6379,22,0,8,8,3507771,/home/swredis/redis-sample-generation/redis-server,/home/swredis/redis-sample-generation/configfile/config10072.conf,1,32,0,0,38644392,36.85,42053632,40.11,38704616,36.91,99.84,12615400,531608,26028992,68.29,38655616,38920192,42209280,58986446848,54.94,37888,37,0,0,0,1258291200,1.17,allkeys-lfu,1.01,264576,1.08,3289088,1,-155648,1.09,3431024,0,0,0,0,0,jemalloc-5.1.0,0,0,0,500000,0,1630897701,ok,-1,-1,0,0,0,0,-1,-1,ok,ok,0,3,1000000,47924,71500014,5049038,3346.26,237.64,0,0,0,0,0,0,0,0,743,499257,0,0,0,0,0,0,0,0,0,master,0,ca73e588a91defbb1bf1fa456c2ea70ec893284d,0,0,-1,0,1048576,0,0,8.881895,3.91839,0,0,0,249666,0,0
6.2.1,0,0,c91470f75d7c181b,standalone,Linux 3.10.0-957.27.2.el7.x86_64 x86_64,64,epoll,atomic-builtin,4.8.5,24040,3658d0ed3f9aa35b432d6158b5aa10b3826943c6,6379,22,0,13,13,3507800,/home/swredis/redis-sample-generation/redis-server,/home/swredis/redis-sample-generation/configfile/config10073.conf,1,32,0,0,38644392,36.85,42020864,40.07,38704616,36.91,99.84,12615400,531608,26028992,68.29,38658520,38932480,44310528,58986446848,54.94,37888,37,0,0,0,1782579200,1.66,noeviction,1.01,273960,1.14,5378048,0.95,-2289664,1.09,3398256,0,0,0,0,0,jemalloc-5.1.0,0,0,0,500000,0,1630897730,ok,-1,-1,0,0,0,0,-1,-1,ok,ok,0,3,1000000,19654,71500014,5048972,1372.39,97.77,0,0,0,0,0,0,0,0,742,499258,0,0,0,0,0,0,0,0,0,master,0,f00b812aa01c9ca7af5550d76d44194a76298c49,0,0,-1,0,1048576,0,0,8.848773,3.967277,0,0,0,249666,0,0
6.2.1,0,0,c91470f75d7c181b,standalone,Linux 3.10.0-957.27.2.el7.x86_64 x86_64,64,epoll,atomic-builtin,4.8.5,25056,11117891932fdda542b8fa8a24d7df8b3ecfc6c3,6379,22,0,32,32,3507828,/home/swredis/redis-sample-generation/redis-server,/home/swredis/redis-sample-generation/configfile/config10074.conf,1,32,0,0,38644392,36.85,42057728,40.11,38704616,36.91,99.84,12615400,531608,26028992,68.29,38656368,38920192,42209280,58986446848,54.94,37888,37,0,0,0,1153433600,1.07,volatile-ttl,1.01,263824,1.08,3289088,1,-151552,1.09,3435120,0,0,0,0,0,jemalloc-5.1.0,0,0,0,500000,0,1630897758,ok,-1,-1,0,0,0,0,-1,-1,ok,ok,0,3,1000000,49222,71500014,5048972,3436.88,244.11,0,0,0,0,0,0,0,0,742,499258,0,0,0,0,0,0,0,0,0,master,0,8f17dac1d643b87e2d8e50fdf291af0b6a542624,0,0,-1,0,1048576,0,0,8.898847,4.063189,0,0,0,249666,0,0
6.2.1,0,0,c91470f75d7c181b,standalone,Linux 3.10.0-957.27.2.el7.x86_64 x86_64,64,epoll,atomic-builtin,4.8.5,26087,498ad23c323c103de92383de382149b5b0291485,6379,22,0,24,24,3507856,/home/swredis/redis-sample-generation/redis-server,/home/swredis/redis-sample-generation/configfile/config10075.conf,1,32,0,0,38644392,36.85,42024960,40.08,38704616,36.91,99.84,12615400,531608,26028992,68.29,38658528,38932480,42209280,58986446848,54.94,37888,37,0,0,0,1048576000,1000,allkeys-random,1.01,273952,1.08,3276800,1,-184320,1.09,3444280,0,0,0,0,0,jemalloc-5.1.0,0,0,0,500000,0,1630897786,ok,-1,-1,0,0,0,0,-1,-1,ok,ok,0,3,1000000,37278,71500014,5048972,2602.91,185.07,0,0,0,0,0,0,0,0,742,499258,0,0,0,0,0,0,0,0,0,master,0,eaea2c6a3ee98356f52223d0117a54091d427a9a,0,0,-1,0,1048576,0,0,8.990385,4.095295,0,0,0,249666,0,0
6.2.1,0,0,c91470f75d7c181b,standalone,Linux 3.10.0-957.27.2.el7.x86_64 x86_64,64,epoll,atomic-builtin,4.8.5,27158,ea982e053decfa12f4309ac13e7b180e7b2feee9,6379,22,0,24,24,3507885,/home/swredis/redis-sample-generation/redis-server,/home/swredis/redis-sample-generation/configfile/config10076.conf,1,32,0,0,38644392,36.85,42037248,40.09,38704616,36.91,99.84,12615400,531608,26028992,68.29,38658336,38932480,42209280,58986446848,54.94,37888,37,0,0,0,1048576000,1000,allkeys-lru,1.01,274144,1.08,3276800,1,-172032,1.09,3414640,0,0,0,0,0,jemalloc-5.1.0,0,0,0,500000,0,1630897815,ok,-1,-1,0,0,0,0,-1,-1,ok,ok,0,3,1000000,21124,71500014,5048972,1475.04,104.82,0,0,0,0,0,0,0,0,742,499258,0,0,0,0,0,0,0,0,0,master,0,e02182f782f6b554590c37c96dac0f151ff0f381,0,0,-1,0,1048576,0,0,8.625998,3.936244,0,0,0,249666,0,0
6.2.1,0,0,c91470f75d7c181b,standalone,Linux 3.10.0-957.27.2.el7.x86_64 x86_64,64,epoll,atomic-builtin,4.8.5,28245,030ce58f41107377d7366cbaeaabd410caa96481,6379,22,0,34,34,3507913,/home/swredis/redis-sample-generation/redis-server,/home/swredis/redis-sample-generation/configfile/config10077.conf,1,32,0,0,38644392,36.85,42045440,40.1,38704616,36.91,99.84,12615400,531608,26028992,68.29,38658096,38932480,42209280,58986446848,54.94,37888,37,0,0,0,2097152000,1.95,volatile-random,1.01,274384,1.08,3276800,1,-163840,1.09,3422832,0,0,0,0,0,jemalloc-5.1.0,0,0,0,500000,0,1630897843,ok,-1,-1,0,0,0,0,-1,-1,ok,ok,0,3,1000000,42634,71500014,5048972,2976.88,211.83,0,0,0,0,0,0,0,0,742,499258,0,0,0,0,0,0,0,0,0,master,0,2356d7a375e47b2e983b2d6622fc570201c4fc45,0,0,-1,0,1048576,0,0,9.001394,4.133043,0,0,0,249666,0,0
6.2.1,0,0,c91470f75d7c181b,standalone,Linux 3.10.0-957.27.2.el7.x86_64 x86_64,64,epoll,atomic-builtin,4.8.5,29330,aef60d86b25add0f0d01763e9c112941948abccc,6379,22,0,24,24,3507941,/home/swredis/redis-sample-generation/redis-server,/home/swredis/redis-sample-generation/configfile/config10078.conf,1,32,0,0,38644392,36.85,42024960,40.08,38704616,36.91,99.84,12615400,531608,26028992,68.29,38658336,38932480,42209280,58986446848,54.94,37888,37,0,0,0,1992294400,1.86,noeviction,1.01,274144,1.08,3276800,1,-184320,1.09,3444280,0,0,0,0,0,jemalloc-5.1.0,0,0,0,500000,0,1630897871,ok,-1,-1,0,0,0,0,-1,-1,ok,ok,0,3,1000000,41934,71500014,5048972,2928.06,208.29,0,0,0,0,0,0,0,0,742,499258,0,0,0,0,0,0,0,0,0,master,0,c4311e6e7aa5312b1282088067706afcb092f9ad,0,0,-1,0,1048576,0,0,8.918515,4.03201,0,0,0,249666,0,0
6.2.1,0,0,c91470f75d7c181b,standalone,Linux 3.10.0-957.27.2.el7.x86_64 x86_64,64,epoll,atomic-builtin,4.8.5,30429,8d179f17d474dbb1b0bc5b6d9b253d54e041c3e2,6379,22,0,9,9,3507970,/home/swredis/redis-sample-generation/redis-server,/home/swredis/redis-sample-generation/configfile/config10079.conf,1,32,0,0,38644392,36.85,42033152,40.09,38704616,36.91,99.84,12615400,531608,26028992,68.29,38657992,38932480,42209280,58986446848,54.94,37888,37,0,0,0,2202009600,2.05,volatile-lfu,1.01,274488,1.08,3276800,1,-176128,1.09,3410544,0,0,0,0,0,jemalloc-5.1.0,0,0,0,500000,0,1630897900,ok,-1,-1,0,0,0,0,-1,-1,ok,ok,0,3,1000000,42042,71500014,5048972,2935.61,208.48,0,0,0,0,0,0,0,0,742,499258,0,0,0,0,0,0,0,0,0,master,0,d133bc43960692f1ef41afe16a34d8db25e8bc3c,0,0,-1,0,1048576,0,0,8.808741,4.046329,0,0,0,249666,0,0
6.2.1,0,0,c91470f75d7c181b,standalone,Linux 3.10.0-957.27.2.el7.x86_64 x86_64,64,epoll,atomic-builtin,4.8.5,31568,7338fd017883a4453dad04fb7540dc9ae797e6aa,6379,22,0,25,25,3507998,/home/swredis/redis-sample-generation/redis-server,/home/swredis/redis-sample-generation/configfile/config10080.conf,1,32,0,0,38644392,36.85,42024960,40.08,38704616,36.91,99.84,12615400,531608,26028992,68.29,38657976,38932480,42209280,58986446848,54.94,37888,37,0,0,0,2411724800,2.25,volatile-ttl,1.01,274504,1.08,3276800,1,-184320,1.09,3402352,0,0,0,0,0,jemalloc-5.1.0,0,0,0,500000,0,1630897928,ok,-1,-1,0,0,0,0,-1,-1,ok,ok,0,3,1000000,40347,71500014,5048972,2817.19,200.58,0,0,0,0,0,0,0,0,742,499258,0,0,0,0,0,0,0,0,0,master,0,91e7c1a5b2d9f35a0b0e64cbe2afc7167f407a22,0,0,-1,0,1048576,0,0,9.010934,4.112656,0,0,0,249666,0,0
6.2.1,0,0,c91470f75d7c181b,standalone,Linux 3.10.0-957.27.2.el7.x86_64 x86_64,64,epoll,atomic-builtin,4.8.5,32758,0b1f55d034100f2a804d40ddb12d4840ffd0ee67,6379,22,0,14,14,3508026,/home/swredis/redis-sample-generation/redis-server,/home/swredis/redis-sample-generation/configfile/config10081.conf,1,32,0,0,38644392,36.85,42029056,40.08,38704616,36.91,99.84,12615400,531608,26028992,68.29,38656368,38920192,42209280,58986446848,54.94,37888,37,0,0,0,2516582400,2.34,volatile-random,1.01,263824,1.08,3289088,1,-180224,1.09,3406448,0,0,0,0,0,jemalloc-5.1.0,0,0,0,500000,0,1630897956,ok,-1,-1,0,0,0,0,-1,-1,ok,ok,0,3,1000000,31474,71500014,5048972,2197.74,156.52,0,0,0,0,0,0,0,0,742,499258,0,0,0,0,0,0,0,0,0,master,0,0d9a15cdca5a20753971e54e565eff62c7424ff7,0,0,-1,0,1048576,0,0,8.837004,4.089475,0,0,0,249666,0,0
6.2.1,0,0,c91470f75d7c181b,standalone,Linux 3.10.0-957.27.2.el7.x86_64 x86_64,64,epoll,atomic-builtin,4.8.5,1502,2ea73c482c02b5d65161e1c66c924c07aa966c36,6379,22,0,35,35,3508054,/home/swredis/redis-sample-generation/redis-server,/home/swredis/redis-sample-generation/configfile/config10082.conf,1,32,0,0,38644392,36.85,42033152,40.09,38704616,36.91,99.84,12615400,531608,26028992,68.29,38658520,38932480,42209280,58986446848,54.94,37888,37,0,0,0,1153433600,1.07,noeviction,1.01,273960,1.08,3276800,1,-176128,1.09,3410544,0,0,0,0,0,jemalloc-5.1.0,0,0,0,500000,0,1630897984,ok,-1,-1,0,0,0,0,-1,-1,ok,ok,0,3,1000000,39100,71500014,5049038,2730.21,194.33,0,0,0,0,0,0,0,0,743,499257,0,0,0,0,0,0,0,0,0,master,0,e93519ee7ef740630436073882ef9432493de7af,0,0,-1,0,1048576,0,0,9.086219,4.064694,0,0,0,249666,0,0
6.2.1,0,0,c91470f75d7c181b,standalone,Linux 3.10.0-957.27.2.el7.x86_64 x86_64,64,epoll,atomic-builtin,4.8.5,2622,780230b1821c9b614ae52ccb688016f688563e63,6379,22,0,36,36,3508083,/home/swredis/redis-sample-generation/redis-server,/home/swredis/redis-sample-generation/configfile/config10083.conf,1,32,0,0,38644392,36.85,42049536,40.1,38704616,36.91,99.84,12615400,531608,26028992,68.29,38658184,38932480,42209280,58986446848,54.94,37888,37,0,0,0,2726297600,2.54,allkeys-random,1.01,274296,1.08,3276800,1,-159744,1.09,3426928,0,0,0,0,0,jemalloc-5.1.0,0,0,0,500000,0,1630898013,ok,-1,-1,0,0,0,0,-1,-1,ok,ok,0,3,1000000,20744,71500014,5049038,1448.45,102.98,0,0,0,0,0,0,0,0,743,499257,0,0,0,0,0,0,0,0,0,master,0,135be792f0377b5cb46ffc2a3ca65b121876a06b,0,0,-1,0,1048576,0,0,8.728795,4.046046,0,0,0,249666,0,0
6.2.1,0,0,c91470f75d7c181b,standalone,Linux 3.10.0-957.27.2.el7.x86_64 x86_64,64,epoll,atomic-builtin,4.8.5,3901,9356b99b431e077b168ca341698795cd44d72eb7,6379,22,0,34,34,3508111,/home/swredis/redis-sample-generation/redis-server,/home/swredis/redis-sample-generation/configfile/config10084.conf,1,32,0,0,38644392,36.85,42061824,40.11,38704616,36.91,99.84,12615400,531608,26028992,68.29,38658328,38932480,44310528,58986446848,54.94,37888,37,0,0,0,1992294400,1.86,allkeys-lfu,1.01,274152,1.14,5378048,0.95,-2248704,1.09,3439216,0,0,0,0,0,jemalloc-5.1.0,0,0,0,500000,0,1630898041,ok,-1,-1,0,0,0,0,-1,-1,ok,ok,0,3,1000000,36182,71500014,5048972,2526.44,179.78,0,0,0,0,0,0,0,0,742,499258,0,0,0,0,0,0,0,0,0,master,0,fbbc60548cabed83fd0135e975229489360e1a50,0,0,-1,0,1048576,0,0,8.791149,4.010598,0,0,0,249666,0,0
6.2.1,0,0,c91470f75d7c181b,standalone,Linux 3.10.0-957.27.2.el7.x86_64 x86_64,64,epoll,atomic-builtin,4.8.5,5131,b2fbf9d433813a55593120c13ce3f6ded766f94e,6379,22,0,2,2,3508139,/home/swredis/redis-sample-generation/redis-server,/home/swredis/redis-sample-generation/configfile/config10085.conf,1,32,0,0,38644392,36.85,42053632,40.11,38704616,36.91,99.84,12615400,531608,26028992,68.29,38658144,38932480,42209280,58986446848,54.94,37888,37,0,0,0,2097152000,1.95,allkeys-lru,1.01,274336,1.08,3276800,1,-155648,1.09,3472952,0,0,0,0,0,jemalloc-5.1.0,0,0,0,500000,0,1630898069,ok,-1,-1,0,0,0,0,-1,-1,ok,ok,0,3,1000000,57857,71500014,5048972,4039.86,286.6,0,0,0,0,0,0,0,0,742,499258,0,0,0,0,0,0,0,0,0,master,0,2998e2d164038f7ab8d177ef70bf98c812df046b,0,0,-1,0,1048576,0,0,8.835621,4.003916,0,0,0,249666,0,0
6.2.1,0,0,c91470f75d7c181b,standalone,Linux 3.10.0-957.27.2.el7.x86_64 x86_64,64,epoll,atomic-builtin,4.8.5,6330,31673421057bc31d483f8fec78d53d6d7dbb32b1,6379,22,0,15,15,3508168,/home/swredis/redis-sample-generation/redis-server,/home/swredis/redis-sample-generation/configfile/config10086.conf,1,32,0,0,38644392,36.85,42029056,40.08,38704616,36.91,99.84,12615400,531608,26028992,68.29,38656192,38920192,42209280,58986446848,54.94,37888,37,0,0,0,1992294400,1.86,allkeys-random,1.01,264000,1.08,3289088,1,-180224,1.09,3406448,0,0,0,0,0,jemalloc-5.1.0,0,0,0,500000,0,1630898098,ok,-1,-1,0,0,0,0,-1,-1,ok,ok,0,3,1000000,35012,71500014,5049038,2444.71,174.02,0,0,0,0,0,0,0,0,743,499257,0,0,0,0,0,0,0,0,0,master,0,d266d20737248d60dd6c0cbfdb906074f89fa2c5,0,0,-1,0,1048576,0,0,8.930825,4.01355,0,0,0,249666,0,0
6.2.1,0,0,c91470f75d7c181b,standalone,Linux 3.10.0-957.27.2.el7.x86_64 x86_64,64,epoll,atomic-builtin,4.8.5,7474,0f179f21b4beb18167c41ccd1a4cb02abd2f7a25,6379,22,0,1,1,3508196,/home/swredis/redis-sample-generation/redis-server,/home/swredis/redis-sample-generation/configfile/config10087.conf,1,32,0,0,38644392,36.85,42053632,40.11,38704616,36.91,99.84,12615400,531608,26028992,68.29,38655560,38920192,42209280,58986446848,54.94,37888,37,0,0,0,1468006400,1.37,allkeys-random,1.01,264632,1.08,3289088,1,-155648,1.09,3472952,0,0,0,0,0,jemalloc-5.1.0,0,0,0,500000,0,1630898126,ok,-1,-1,0,0,0,0,-1,-1,ok,ok,0,3,1000000,58942,71500014,5049038,4115.64,290.8,0,0,0,0,0,0,0,0,743,499257,0,0,0,0,0,0,0,0,0,master,0,b010f14d6007467344d1be8ddf5ede765146961c,0,0,-1,0,1048576,0,0,8.678481,3.963048,0,0,0,249666,0,0
6.2.1,0,0,c91470f75d7c181b,standalone,Linux 3.10.0-957.27.2.el7.x86_64 x86_64,64,epoll,atomic-builtin,4.8.5,8660,61cdbeb79bd8c8b94a2473e6b3ecc924f6f129fd,6379,22,0,1,1,3508224,/home/swredis/redis-sample-generation/redis-server,/home/swredis/redis-sample-generation/configfile/config10088.conf,1,32,0,0,38644392,36.85,42029056,40.08,38704616,36.91,99.84,12615400,531608,26028992,68.29,38740064,39022592,44310528,58986446848,54.94,37888,37,0,0,0,1782579200,1.66,allkeys-random,1.01,282528,1.14,5287936,0.95,-2281472,1.09,3324544,0,0,0,0,0,jemalloc-5.1.0,0,0,0,500000,0,1630898154,ok,-1,-1,0,0,0,0,-1,-1,ok,ok,0,3,1000000,58727,71500014,5048972,4100.63,289.75,0,0,0,0,0,0,0,0,742,499258,0,0,0,0,0,0,0,0,0,master,0,98051da5dc71f7b519b23cac04ca3c680fc3f7a8,0,0,-1,0,1048576,0,0,9.01091,3.938875,0,0,0,249666,0,0
6.2.1,0,0,c91470f75d7c181b,standalone,Linux 3.10.0-957.27.2.el7.x86_64 x86_64,64,epoll,atomic-builtin,4.8.5,9800,98f7c412c741691b0f58c6cc00953eb1f9090359,6379,22,0,19,19,3508253,/home/swredis/redis-sample-generation/redis-server,/home/swredis/redis-sample-generation/configfile/config10089.conf,1,32,0,0,38644392,36.85,42037248,40.09,38704616,36.91,99.84,12615400,531608,26028992,68.29,38658120,38932480,42209280,58986446848,54.94,37888,37,0,0,0,2097152000,1.95,volatile-random,1.01,274360,1.08,3276800,1,-172032,1.09,3414640,0,0,0,0,0,jemalloc-5.1.0,0,0,0,500000,0,1630898183,ok,-1,-1,0,0,0,0,-1,-1,ok,ok,0,3,1000000,0,71500014,5048972,0,0,0,0,0,0,0,0,0,0,742,499258,0,0,0,0,0,0,0,0,0,master,0,b197b3ffdcad222e3779c38373f292bbff76c462,0,0,-1,0,1048576,0,0,8.674335,3.864886,0,0,0,249666,0,0
6.2.1,0,0,c91470f75d7c181b,standalone,Linux 3.10.0-957.27.2.el7.x86_64 x86_64,64,epoll,atomic-builtin,4.8.5,10932,039b861455d72c0cd47bb5e293caeff72a2dfba6,6379,22,0,4,4,3508281,/home/swredis/redis-sample-generation/redis-server,/home/swredis/redis-sample-generation/configfile/config10090.conf,1,32,0,0,38644392,36.85,42053632,40.11,38704616,36.91,99.84,12615400,531608,26028992,68.29,38656336,38920192,42196992,58986446848,54.94,37888,37,0,0,0,2516582400,2.34,volatile-lru,1.01,263856,1.08,3276800,1,-143360,1.09,3431024,0,0,0,0,0,jemalloc-5.1.0,0,0,0,500000,0,1630898211,ok,-1,-1,0,0,0,0,-1,-1,ok,ok,0,3,1000000,53698,71500014,5049038,3749.43,266.26,0,0,0,0,0,0,0,0,743,499257,0,0,0,0,0,0,0,0,0,master,0,a27f95793a2f74d392d99a90c9142cb48d7441a5,0,0,-1,0,1048576,0,0,8.744318,3.890704,0,0,0,249666,0,0
6.2.1,0,0,c91470f75d7c181b,standalone,Linux 3.10.0-957.27.2.el7.x86_64 x86_64,64,epoll,atomic-builtin,4.8.5,12107,a0fa0b63c72961ae65ef6f845166a855e8c1f3ac,6379,22,0,14,14,3508309,/home/swredis/redis-sample-generation/redis-server,/home/swredis/redis-sample-generation/configfile/config10091.conf,1,32,0,0,38644392,36.85,42037248,40.09,38704616,36.91,99.84,12615400,531608,26028992,68.29,38655856,38920192,42209280,58986446848,54.94,37888,37,0,0,0,1992294400,1.86,volatile-lfu,1.01,264336,1.08,3289088,1,-172032,1.09,3414640,0,0,0,0,0,jemalloc-5.1.0,0,0,0,500000,0,1630898239,ok,-1,-1,0,0,0,0,-1,-1,ok,ok,0,3,1000000,24812,71500014,5049038,1732.53,123.14,0,0,0,0,0,0,0,0,743,499257,0,0,0,0,0,0,0,0,0,master,0,0b9e279506b1568d8cc54eda3e8e025f11de2eb2,0,0,-1,0,1048576,0,0,8.813175,3.989053,0,0,0,249666,0,0
6.2.1,0,0,c91470f75d7c181b,standalone,Linux 3.10.0-957.27.2.el7.x86_64 x86_64,64,epoll,atomic-builtin,4.8.5,13263,d123537219812ea289cc1b350dc60325c3705e28,6379,22,0,14,14,3508338,/home/swredis/redis-sample-generation/redis-server,/home/swredis/redis-sample-generation/configfile/config10092.conf,1,32,0,0,38644392,36.85,42008576,40.06,38704616,36.91,99.84,12615400,531608,26028992,68.29,38656392,38920192,42209280,58986446848,54.94,37888,37,0,0,0,1153433600,1.07,volatile-ttl,1.01,263800,1.08,3289088,1,-200704,1.09,3385968,0,0,0,0,0,jemalloc-5.1.0,0,0,0,500000,0,1630898268,ok,-1,-1,0,0,0,0,-1,-1,ok,ok,0,3,1000000,19751,71500014,5048972,1379.07,98.37,0,0,0,0,0,0,0,0,742,499258,0,0,0,0,0,0,0,0,0,master,0,dc2bd60230f488e976dba363ab35bf0f16041d21,0,0,-1,0,1048576,0,0,8.711325,3.857646,0,0,0,249666,0,0
6.2.1,0,0,c91470f75d7c181b,standalone,Linux 3.10.0-957.27.2.el7.x86_64 x86_64,64,epoll,atomic-builtin,4.8.5,14537,92f0a238273dee21cdeecc333a9c1600a42566a5,6379,22,0,10,10,3508366,/home/swredis/redis-sample-generation/redis-server,/home/swredis/redis-sample-generation/configfile/config10093.conf,1,32,0,0,38644392,36.85,42049536,40.1,38704616,36.91,99.84,12615400,531608,26028992,68.29,38697144,38965248,42209280,58986446848,54.94,37888,37,0,0,0,2726297600,2.54,noeviction,1.01,268104,1.08,3244032,1,-159744,1.09,3385976,0,0,0,0,0,jemalloc-5.1.0,0,0,0,500000,0,1630898296,ok,-1,-1,0,0,0,0,-1,-1,ok,ok,0,3,1000000,59124,71500014,5048972,4128.32,293.2,0,0,0,0,0,0,0,0,742,499258,0,0,0,0,0,0,0,0,0,master,0,86d454d379d957de5168bbcdea0c98f9d8865153,0,0,-1,0,1048576,0,0,8.875056,4.129395,0,0,0,249666,0,0
6.2.1,0,0,c91470f75d7c181b,standalone,Linux 3.10.0-957.27.2.el7.x86_64 x86_64,64,epoll,atomic-builtin,4.8.5,15748,437609f95a2bf89856ba6e6fb40656425194425d,6379,22,0,9,9,3508394,/home/swredis/redis-sample-generation/redis-server,/home/swredis/redis-sample-generation/configfile/config10094.conf,1,32,0,0,38644392,36.85,42037248,40.09,38704616,36.91,99.84,12615400,531608,26028992,68.29,38658384,38932480,42209280,58986446848,54.94,37888,37,0,0,0,2621440000,2.44,volatile-lru,1.01,274096,1.08,3276800,1,-172032,1.09,3414640,0,0,0,0,0,jemalloc-5.1.0,0,0,0,500000,0,1630898324,ok,-1,-1,0,0,0,0,-1,-1,ok,ok,0,3,1000000,34662,71500014,5048972,2420.28,172.16,0,0,0,0,0,0,0,0,742,499258,0,0,0,0,0,0,0,0,0,master,0,2a8d3fd34c7b582b4114ccc29be4018b17723d02,0,0,-1,0,1048576,0,0,8.528392,3.986427,0,0,0,249666,0,0
6.2.1,0,0,c91470f75d7c181b,standalone,Linux 3.10.0-957.27.2.el7.x86_64 x86_64,64,epoll,atomic-builtin,4.8.5,16958,1856206f0035862caf9c1ed14b13de6c4f8096cd,6379,25,0,39,39,3508426,/home/swredis/redis-sample-generation/redis-server,/home/swredis/redis-sample-generation/configfile/config10095.conf,1,32,0,0,38644392,36.85,42033152,40.09,38704616,36.91,99.84,12615400,531608,26028992,68.29,38658376,38932480,42209280,58986446848,54.94,37888,37,0,0,0,1782579200,1.66,allkeys-lfu,1.01,274104,1.08,3276800,1,-176128,1.09,3410544,0,0,0,0,0,jemalloc-5.1.0,0,0,0,500000,0,1630898353,ok,-1,-1,0,0,0,0,-1,-1,ok,ok,0,3,1000000,45697,71500014,5048972,3190.77,226.63,0,0,0,0,0,0,0,0,742,499258,0,0,0,0,0,0,0,0,0,master,0,c3323e1fd76d3db0a15aa923e485e70128f93134,0,0,-1,0,1048576,0,0,10.98463,4.888734,0,0,0,249666,0,0
6.2.1,0,0,c91470f75d7c181b,standalone,Linux 3.10.0-957.27.2.el7.x86_64 x86_64,64,epoll,atomic-builtin,4.8.5,18291,bc199c3f8ccbca2d6b37d680ec9b51f1c1684860,6379,24,0,16,16,3508456,/home/swredis/redis-sample-generation/redis-server,/home/swredis/redis-sample-generation/configfile/config10096.conf,1,32,0,0,38644392,36.85,42033152,40.09,38704616,36.91,99.84,12615400,531608,26028992,68.29,38656208,38920192,42209280,58986446848,54.94,37888,37,0,0,0,1468006400,1.37,allkeys-lfu,1.01,263984,1.08,3289088,1,-176128,1.09,3410544,0,0,0,0,0,jemalloc-5.1.0,0,0,0,500000,0,1630898384,ok,-1,-1,0,0,0,0,-1,-1,ok,ok,0,3,1000000,60005,71500014,5048972,4189.8,298.13,0,0,0,0,0,0,0,0,742,499258,0,0,0,0,0,0,0,0,0,master,0,b851f3c3512be24ccc97b9f0d27c50135a02cb61,0,0,-1,0,1048576,0,0,10.32523,4.553343,0,0,0,249666,0,0
6.2.1,0,0,c91470f75d7c181b,standalone,Linux 3.10.0-957.27.2.el7.x86_64 x86_64,64,epoll,atomic-builtin,4.8.5,19721,8aacd3fc22fa9f725f3b506ef0024a6e986a5b6c,6379,23,0,25,25,3508485,/home/swredis/redis-sample-generation/redis-server,/home/swredis/redis-sample-generation/configfile/config10097.conf,1,32,0,0,38644392,36.85,42024960,40.08,38704616,36.91,99.84,12615400,531608,26028992,68.29,38657176,38920192,42196992,58986446848,54.94,37888,37,0,0,0,2621440000,2.44,volatile-ttl,1.01,263016,1.08,3276800,1,-172032,1.09,3402352,0,0,0,0,0,jemalloc-5.1.0,0,0,0,500000,0,1630898414,ok,-1,-1,0,0,0,0,-1,-1,ok,ok,0,3,1000000,12046,71500014,5048972,841.08,60.13,0,0,0,0,0,0,0,0,742,499258,0,0,0,0,0,0,0,0,0,master,0,70b9352ac4c0a66ef943056aad8bd6e84f9fc44b,0,0,-1,0,1048576,0,0,9.094565,4.039493,0,0,0,249666,0,0
6.2.1,0,0,c91470f75d7c181b,standalone,Linux 3.10.0-957.27.2.el7.x86_64 x86_64,64,epoll,atomic-builtin,4.8.5,20978,7d537f5056fb3250c86ec21cbb454476dffd25df,6379,22,0,35,35,3508514,/home/swredis/redis-sample-generation/redis-server,/home/swredis/redis-sample-generation/configfile/config10098.conf,1,32,0,0,38644392,36.85,42004480,40.06,38704616,36.91,99.84,12615400,531608,26028992,68.29,38658328,38932480,42209280,58986446848,54.94,37888,37,0,0,0,2621440000,2.44,allkeys-lru,1.01,274152,1.08,3276800,1,-204800,1.09,3381872,0,0,0,0,0,jemalloc-5.1.0,0,0,0,500000,0,1630898444,ok,-1,-1,0,0,0,0,-1,-1,ok,ok,0,3,1000000,36609,71500014,5048972,2556.19,181.78,0,0,0,0,0,0,0,0,742,499258,0,0,0,0,0,0,0,0,0,master,0,31acce5c8d2bd0929064a7878836c3278043e54d,0,0,-1,0,1048576,0,0,8.761842,3.954245,0,0,0,249666,0,0
6.2.1,0,0,c91470f75d7c181b,standalone,Linux 3.10.0-957.27.2.el7.x86_64 x86_64,64,epoll,atomic-builtin,4.8.5,22216,177ae5f441d780fb1aa850b7fb8b7070575cd150,6379,23,0,3,3,3508543,/home/swredis/redis-sample-generation/redis-server,/home/swredis/redis-sample-generation/configfile/config10099.conf,1,32,0,0,38644392,36.85,42037248,40.09,38704632,36.91,99.84,12615400,531608,26028992,68.29,38656632,38920192,42209280,58986446848,54.94,37888,37,0,0,0,1992294400,1.86,allkeys-lfu,1.01,263560,1.08,3289088,1,-172032,1.09,3414640,0,0,0,0,0,jemalloc-5.1.0,0,0,0,500000,0,1630898472,ok,-1,-1,0,0,0,0,-1,-1,ok,ok,0,3,1000000,47306,71500014,5049038,3303.16,234.61,0,0,0,0,0,0,0,0,743,499257,0,0,0,0,0,0,0,0,0,master,0,ffdf0427b6afecf42c5f59fe8ceff1693d266488,0,0,-1,0,1048576,0,0,9.289759,4.111078,0,0,0,249666,0,0
6.2.1,0,0,c91470f75d7c181b,standalone,Linux 3.10.0-957.27.2.el7.x86_64 x86_64,64,epoll,atomic-builtin,4.8.5,23554,eee035799213cb4b9ddf5ff7b01bfef3401b8682,6379,22,0,21,21,3508571,/home/swredis/redis-sample-generation/redis-server,/home/swredis/redis-sample-generation/configfile/config10100.conf,1,32,0,0,38644392,36.85,42041344,40.09,38704616,36.91,99.84,12615400,531608,26028992,68.29,38656240,38920192,42209280,58986446848,54.94,37888,37,0,0,0,1992294400,1.86,volatile-lfu,1.01,263952,1.08,3289088,1,-167936,1.09,3418736,0,0,0,0,0,jemalloc-5.1.0,0,0,0,500000,0,1630898501,ok,-1,-1,0,0,0,0,-1,-1,ok,ok,0,3,1000000,34229,71500014,5048972,2390.07,170.01,0,0,0,0,0,0,0,0,742,499258,0,0,0,0,0,0,0,0,0,master,0,df8ed7abff1f479a24d25a8f8cda1db349e6eb0d,0,0,-1,0,1048576,0,0,8.773044,3.97069,0,0,0,249666,0,0